id,fantasia1,fantasia2,fantasia3,fantasia4,fantasia5,fantasia6,fantasia7,consideracao_empatica1,consideracao_empatica2,consideracao_empatica3,consideracao_empatica4,consideracao_empatica5,consideracao_empatica6,consideracao_empatica7,angustia_pessoal1,angustia_pessoal2,angustia_pessoal3,angustia_pessoal4,angustia_pessoal5,angustia_pessoal6,tomada_de_perspectiva1,tomada_de_perspectiva2,tomada_de_perspectiva3,tomada_de_perspectiva4,tomada_de_perspectiva5,tomada_de_perspectiva6,negacao_do_preconceito1,negacao_do_preconceito2,negacao_do_preconceito3,negacao_do_preconceito4,negacao_do_preconceito5,negacao_do_preconceito6,negacao_do_preconceito7,negacao_do_preconceito8,negacao_do_preconceito9,afirmacao_das_diferencas1,afirmacao_das_diferencas2,afirmacao_das_diferencas3,afirmacao_das_diferencas4,afirmacao_das_diferencas5,afetos_negativos1,afetos_negativos2,afetos_negativos3,afetos_negativos4,afetos_negativos5,afetos_negativos6,afetos_negativos7,afetos_negativos8,afetos_negativos9,afetos_negativos10,afetos_positivos1,afetos_positivos2,afetos_positivos3,afetos_positivos4,afetos_positivos5,afetos_positivos6,afetos_positivos7,afetos_positivos8,afetos_positivos9,afetos_positivos10,sexo,idade,raca,estado_civil,renda_familiar,dependentes_da_renda_familiar,formacao_academica
1,2,2,2,1,1,5,4,4,4,4,4,5,4,1,5,5,4,2,4,1,5,5,5,5,4,5,1,1,1,1,1,1,2,1,2,2,2,2,2,2,4,5,5,2,4,4,5,4,4,5,3,2,5,3,2,3,5,3,3,3,Feminino,21,Pardo,Sem companheiro(a),3600,2,"Ciências Sociais, artes e educação"
2,5,5,5,5,5,5,5,4,5,5,5,5,5,2,5,5,5,2,2,2,3,3,5,4,2,5,1,1,1,1,1,1,1,1,1,1,1,1,1,1,4,5,4,3,3,2,4,2,2,2,3,4,4,4,4,4,3,3,4,4,Masculino,24,Pardo,Sem companheiro(a),3000,4,Ciências exatas e biológicas
3,4,5,5,5,4,5,5,4,3,4,5,4,4,5,4,4,5,4,5,2,4,5,4,5,4,5,1,1,4,5,1,1,1,1,1,1,1,2,2,1,5,5,5,5,4,4,5,4,4,5,3,4,5,5,4,3,5,3,4,4,Masculino,20,Pardo,Sem companheiro(a),1200,5,"Ciências Sociais, artes e educação"
4,2,2,2,2,3,4,2,3,4,4,4,3,3,3,2,5,5,2,3,2,4,5,5,5,5,3,1,1,4,1,1,1,2,1,2,4,2,7,4,4,3,4,4,3,2,2,4,2,3,4,2,4,4,2,3,4,4,3,3,2,Feminino,21,Branco,Sem companheiro(a),2000,5,"Ciências Sociais, artes e educação"
5,2,4,3,2,4,5,4,4,5,4,4,3,5,4,5,5,5,1,4,3,5,5,2,5,5,3,1,1,3,2,1,1,3,1,2,4,3,7,3,1,5,5,3,5,1,1,1,1,1,2,3,3,4,3,5,2,5,3,3,5,Masculino,18,Pardo,Sem companheiro(a),500,2,Ciências exatas e biológicas
6,2,3,2,1,2,4,3,5,5,5,4,5,3,3,3,4,3,1,2,3,5,3,3,3,1,4,1,2,1,3,1,1,3,1,2,1,1,7,1,1,2,4,5,4,5,3,2,5,2,3,4,5,5,5,3,5,5,5,5,5,Masculino,21,Branco,Sem companheiro(a),5000,5,Saúde
7,1,3,4,4,5,4,5,4,5,4,5,4,5,4,3,4,4,3,3,1,5,4,5,5,5,5,1,1,3,2,1,1,2,1,2,4,2,4,4,4,4,3,4,3,3,1,2,3,2,2,5,2,4,4,4,3,3,3,3,4,Feminino,18,Pardo,Sem companheiro(a),4000,5,"Ciências Sociais, artes e educação"
8,2,5,5,3,5,5,4,5,5,5,5,5,5,5,5,3,3,3,4,3,5,4,5,4,5,5,1,1,1,1,1,1,1,1,1,1,1,1,1,1,3,4,4,4,3,2,3,2,1,2,2,2,4,5,4,4,4,3,3,4,Feminino,19,Branco,Sem companheiro(a),2862,2,"Ciências Sociais, artes e educação"
9,3,5,5,3,4,5,4,5,5,5,4,4,4,2,4,4,3,2,2,3,5,4,4,4,3,5,1,1,1,1,1,1,1,1,1,2,1,1,1,2,2,3,4,3,2,2,2,2,1,2,3,4,5,4,4,3,5,4,4,4,Feminino,18,Pardo,Sem companheiro(a),2745,5,Saúde
10,5,5,5,5,4,2,4,3,3,3,3,3,4,3,2,3,4,2,4,2,5,5,3,4,2,4,3,4,3,5,3,3,2,1,3,1,6,7,1,1,3,4,3,3,2,2,4,3,2,2,4,3,3,4,4,3,5,4,3,4,Feminino,19,Branco,Sem companheiro(a),1650,3,"Ciências Sociais, artes e educação"
11,4,4,5,5,4,5,4,5,5,4,5,3,5,3,4,5,5,2,3,3,4,4,4,4,5,4,1,1,1,1,1,1,1,1,1,1,1,1,1,1,3,4,5,3,2,1,2,3,2,3,4,3,3,4,3,4,4,4,3,4,Feminino,22,Branco,Sem companheiro(a),1500,3,"Ciências Sociais, artes e educação"
12,3,3,3,3,4,4,2,4,4,4,4,4,4,3,4,5,5,2,4,2,4,4,2,4,3,4,1,1,1,1,1,1,2,1,3,1,1,1,1,1,3,4,4,2,4,2,2,2,2,3,2,2,2,4,3,2,2,2,2,3,Masculino,28,Pardo,Sem companheiro(a),3500,4,"Ciências Sociais, artes e educação"
13,2,3,3,3,3,5,5,5,5,4,4,3,4,4,4,5,5,4,5,3,5,4,3,5,5,4,4,1,2,2,4,1,2,1,1,1,1,1,1,1,4,4,4,5,5,1,5,5,5,2,3,3,4,4,3,3,5,3,4,3,Masculino,20,Pardo,Sem companheiro(a),2700,3,"Ciências Sociais, artes e educação"
14,1,4,4,4,3,1,1,4,5,5,5,5,5,3,5,5,5,5,5,3,4,2,4,3,1,3,1,1,3,3,1,1,7,1,3,1,1,1,5,1,4,5,5,2,5,4,5,5,4,4,2,2,2,3,3,2,5,2,3,3,Feminino,20,Pardo,Sem companheiro(a),2000,4,"Ciências Sociais, artes e educação"
15,3,5,5,3,4,5,4,4,5,4,5,3,4,3,4,5,4,2,3,2,4,4,4,4,3,4,1,1,2,1,1,1,1,1,1,4,6,4,4,4,4,5,4,4,2,2,3,3,2,3,3,4,3,4,2,3,5,4,4,3,Feminino,24,Pardo,Sem companheiro(a),2500,5,"Ciências Sociais, artes e educação"
16,3,4,4,4,5,4,4,5,5,5,5,5,3,3,5,5,5,3,4,3,3,3,4,3,3,4,1,1,1,1,1,1,1,1,1,1,1,1,3,1,5,4,5,2,3,2,4,3,2,4,3,4,4,4,4,3,4,3,4,3,Feminino,18,Branco,Sem companheiro(a),3000,5,"Ciências Sociais, artes e educação"
17,5,5,5,5,5,5,5,5,5,5,5,4,5,5,3,5,5,3,5,5,5,5,5,5,5,5,1,1,4,1,1,1,2,1,1,4,5,7,1,4,3,5,5,5,3,1,4,4,2,5,3,3,2,5,2,2,4,2,4,2,Masculino,27,Branco,Sem companheiro(a),6500,8,"Ciências Sociais, artes e educação"
18,5,5,5,4,5,5,5,5,5,5,5,5,4,2,5,5,5,5,5,5,2,3,3,3,3,5,1,1,1,1,1,1,2,1,1,1,2,2,1,1,2,5,4,5,4,1,2,2,1,2,3,2,4,5,5,3,2,3,3,4,Masculino,26,Pardo,Sem companheiro(a),5000,6,"Ciências Sociais, artes e educação"
19,5,5,5,5,3,5,5,5,5,5,5,5,5,5,5,5,5,1,4,2,5,5,5,5,5,5,1,1,1,2,1,2,1,1,1,1,1,1,1,1,3,4,5,4,3,2,3,3,2,3,3,3,4,3,3,4,4,4,4,4,Feminino,25,Pardo,Sem companheiro(a),1000,5,"Ciências Sociais, artes e educação"
20,4,4,4,5,5,4,5,5,5,4,4,4,4,4,5,5,4,1,3,2,3,4,5,4,4,4,1,1,1,1,1,1,3,1,2,1,1,1,1,1,3,4,4,5,3,2,4,4,2,2,3,4,5,4,4,4,4,4,4,4,Feminino,25,Branco,Sem companheiro(a),1000,4,"Ciências Sociais, artes e educação"
21,5,5,5,4,5,2,4,5,5,5,5,4,4,4,5,5,5,2,4,2,5,5,4,5,4,5,2,1,1,1,1,1,3,2,2,2,1,1,1,1,3,5,4,2,2,1,1,2,2,3,4,3,5,4,3,5,5,5,4,4,Feminino,22,Pardo,Sem companheiro(a),3500,4,"Ciências Sociais, artes e educação"
22,3,3,3,3,1,4,3,5,5,4,3,5,4,3,3,4,4,4,4,3,4,4,4,4,3,4,1,1,3,2,1,1,2,1,2,3,3,3,3,3,4,5,4,4,3,4,4,4,4,3,3,2,4,3,3,4,4,4,4,3,Feminino,21,Pardo,Sem companheiro(a),1000,2,"Ciências Sociais, artes e educação"
23,3,5,4,3,5,5,5,5,5,4,5,4,4,1,4,4,4,2,3,4,5,5,5,5,4,5,1,1,1,1,1,2,1,1,1,2,2,3,3,1,2,3,3,4,3,2,1,1,2,2,3,3,4,4,5,3,3,4,3,5,Masculino,18,Pardo,Sem companheiro(a),980,4,"Ciências Sociais, artes e educação"
24,4,4,5,4,5,5,4,4,5,5,5,4,5,4,5,5,5,3,4,2,5,5,5,5,3,2,1,1,1,1,1,1,1,1,1,1,1,1,4,1,5,5,5,5,3,2,5,4,4,4,3,3,4,5,4,3,5,2,3,4,Feminino,21,Branco,Sem companheiro(a),2000,2,"Ciências Sociais, artes e educação"
25,3,2,4,4,4,4,4,4,4,5,4,4,5,5,3,2,2,2,2,4,4,5,4,4,3,4,1,1,2,1,1,1,3,1,2,1,1,2,2,1,1,2,2,2,2,3,2,2,2,4,3,3,3,5,2,2,4,4,2,3,Masculino,19,Branco,Sem companheiro(a),2500,2,"Ciências Sociais, artes e educação"
26,4,5,3,2,4,3,2,5,5,4,4,3,4,3,2,2,2,1,3,1,4,4,4,4,3,4,1,1,1,1,1,1,1,1,1,1,1,1,1,1,3,2,2,3,2,2,3,1,2,2,3,3,4,4,3,4,4,3,3,4,Feminino,18,Pardo,Sem companheiro(a),1200,4,Saúde
27,2,3,3,2,2,5,3,4,5,4,3,4,4,2,3,4,4,3,5,3,4,4,4,4,3,4,1,1,3,4,1,1,7,1,1,1,1,1,1,1,2,3,5,3,2,2,4,2,4,1,2,2,3,4,2,3,2,3,3,4,Feminino,19,Pardo,Sem companheiro(a),2600,2,"Ciências Sociais, artes e educação"
28,4,5,4,4,4,5,5,5,5,5,4,5,2,2,4,3,3,2,2,2,5,5,4,5,5,5,1,1,1,2,1,1,1,1,1,2,1,1,1,1,4,2,3,2,2,1,4,2,4,2,4,4,4,5,5,3,5,3,3,4,Masculino,21,Pardo,Sem companheiro(a),900,4,"Ciências Sociais, artes e educação"
29,5,5,5,4,5,5,5,5,5,5,3,3,4,3,3,3,3,1,2,3,5,5,3,3,3,4,1,2,1,3,1,1,7,1,2,1,1,1,1,1,3,5,5,5,3,3,5,5,3,3,3,3,4,5,4,4,5,5,4,5,Feminino,20,Branco,Sem companheiro(a),900,1,"Ciências Sociais, artes e educação"
30,5,5,5,5,5,5,4,5,5,5,5,5,5,3,5,5,5,3,5,2,4,5,5,3,4,5,1,1,1,1,1,1,3,1,1,1,1,1,2,1,4,4,2,4,5,5,5,4,4,2,2,2,2,4,3,3,4,2,2,4,Feminino,20,Pardo,Sem companheiro(a),1250,4,"Ciências Sociais, artes e educação"
31,3,2,4,3,5,5,5,5,5,4,4,5,4,3,4,5,4,5,3,4,2,3,4,3,5,4,3,1,3,1,1,1,7,1,1,4,4,4,4,4,5,4,5,4,3,2,3,4,3,3,3,3,3,4,3,2,1,2,3,4,Feminino,19,Pardo,Sem companheiro(a),2000,4,"Ciências Sociais, artes e educação"
32,5,5,5,5,5,5,5,5,5,5,5,4,5,5,4,5,5,2,4,3,5,4,3,4,3,5,1,1,1,2,1,1,2,1,1,1,1,1,1,1,2,3,3,5,3,1,3,1,3,2,3,4,5,5,5,5,5,4,4,5,Masculino,18,Amarelo,Sem companheiro(a),7000,5,"Ciências Sociais, artes e educação"
33,4,4,5,3,4,4,3,5,5,4,4,4,3,1,2,4,3,2,4,2,4,4,3,4,2,3,1,1,1,1,1,1,3,1,2,1,1,1,3,1,3,4,4,2,4,2,3,3,3,3,3,4,3,2,3,1,4,3,2,3,Feminino,19,Pardo,Sem companheiro(a),3000,3,"Ciências Sociais, artes e educação"
34,4,5,4,4,5,5,5,4,4,4,4,4,4,3,5,5,5,3,2,4,4,5,4,5,5,4,1,1,4,1,1,2,2,1,5,1,1,2,5,1,4,5,5,4,3,1,3,3,3,4,3,4,4,3,4,4,4,4,4,4,Masculino,24,Preto,Sem companheiro(a),1600,4,"Ciências Sociais, artes e educação"
35,2,3,3,3,3,5,5,4,4,4,4,3,4,5,3,4,5,2,5,3,5,2,3,3,4,5,2,2,1,1,1,1,2,1,1,1,1,1,4,1,4,4,4,4,5,2,4,4,3,4,2,2,2,4,2,3,3,1,3,3,Masculino,24,Branco,Sem companheiro(a),4000,4,"Ciências Sociais, artes e educação"
37,1,3,2,4,5,5,3,5,5,4,4,3,3,3,4,5,5,3,4,3,4,5,5,5,2,4,1,1,3,1,1,1,1,1,1,1,2,5,5,1,2,3,5,5,3,1,2,1,3,3,2,3,3,3,2,4,2,4,3,3,Feminino,18,Pardo,Sem companheiro(a),500,5,"Ciências Sociais, artes e educação"
38,4,5,5,4,5,4,3,5,5,4,4,4,5,4,5,5,4,1,3,3,3,5,3,5,5,4,1,1,1,1,1,1,2,1,2,1,3,1,1,1,3,3,3,2,3,2,2,2,3,2,3,3,4,4,5,3,3,3,3,4,Masculino,18,Pardo,Sem companheiro(a),1200,4,"Ciências Sociais, artes e educação"
39,3,3,4,4,3,5,4,5,5,5,5,3,5,5,5,5,5,5,5,4,5,5,5,5,5,5,1,1,1,1,1,1,1,1,1,1,1,1,2,1,4,4,5,5,2,2,3,3,2,3,3,3,5,4,3,3,4,3,4,3,Feminino,22,Preto,Sem companheiro(a),800,8,Ciências exatas e biológicas
40,5,5,5,5,3,5,5,5,5,5,5,5,4,4,5,5,5,5,5,3,4,3,5,4,3,5,1,1,1,1,1,1,1,1,1,1,1,1,1,1,4,4,5,5,5,3,3,4,4,5,3,3,4,5,3,3,3,3,5,3,Masculino,22,Branco,Sem companheiro(a),4000,4,Ciências exatas e biológicas
41,5,3,3,3,4,5,4,4,5,5,4,4,4,5,5,5,5,2,3,2,5,5,4,5,3,5,5,1,2,3,3,2,3,4,3,1,6,4,4,1,2,2,2,2,3,1,1,2,2,2,4,4,3,4,5,3,3,4,2,4,Masculino,24,Pardo,Sem companheiro(a),10000,5,Ciências exatas e biológicas
42,5,5,5,4,5,5,4,4,4,4,3,4,3,3,2,4,4,2,3,1,4,4,5,4,2,3,1,1,1,1,1,1,2,1,2,2,1,2,4,3,2,4,3,5,2,1,1,4,2,2,4,4,3,3,4,2,2,3,2,3,Masculino,21,Pardo,Sem companheiro(a),1800,4,"Ciências Sociais, artes e educação"
43,1,1,3,1,3,5,4,4,4,4,3,3,4,3,3,5,3,3,4,4,4,4,3,4,5,4,1,1,3,3,1,1,3,1,2,1,1,4,2,1,4,1,4,4,4,4,2,5,2,2,2,3,4,5,4,4,3,4,4,5,Masculino,19,Branco,Sem companheiro(a),5000,5,"Ciências Sociais, artes e educação"
44,4,4,4,3,4,5,1,5,5,5,4,5,4,1,5,5,5,4,3,2,5,5,5,5,3,4,1,1,1,1,1,1,2,1,1,1,1,1,1,1,4,2,5,4,5,5,4,5,2,2,4,4,5,5,4,4,5,5,5,4,Feminino,20,Preto,Sem companheiro(a),3000,3,"Ciências Sociais, artes e educação"
45,3,4,4,3,4,2,3,4,5,5,4,4,4,3,3,3,3,2,2,2,5,5,4,5,4,5,1,1,1,3,1,1,2,1,1,1,2,4,1,1,3,3,3,3,2,2,3,2,2,3,3,4,4,4,3,4,5,4,3,4,Masculino,21,Preto,Sem companheiro(a),4000,5,"Ciências Sociais, artes e educação"
46,5,5,5,3,5,5,5,4,5,4,5,4,5,5,4,2,2,1,1,2,5,5,5,5,5,5,1,1,1,1,1,1,1,1,1,1,1,1,1,1,3,5,4,1,3,4,2,5,1,3,4,4,5,5,3,4,5,4,5,4,Masculino,21,Branco,Sem companheiro(a),800,3,"Ciências Sociais, artes e educação"
47,5,4,5,4,1,5,3,4,5,5,4,5,3,4,3,5,3,2,2,2,5,5,5,5,4,5,1,3,3,1,2,1,4,1,4,2,4,2,5,2,4,1,3,5,2,2,4,1,3,2,5,5,5,5,5,5,5,5,5,5,Masculino,24,Branco,Sem companheiro(a),2000,4,"Ciências Sociais, artes e educação"
48,5,5,5,3,4,4,4,5,5,5,3,4,3,2,3,2,4,1,3,2,5,4,4,4,4,5,1,1,1,1,1,1,1,1,1,4,4,4,4,4,4,5,5,4,4,3,4,4,3,4,3,4,5,4,2,3,5,4,4,3,Feminino,23,Branco,Sem companheiro(a),3500,5,"Ciências Sociais, artes e educação"
49,4,5,4,5,4,5,4,4,5,4,4,3,4,2,4,4,4,2,5,3,3,5,5,4,2,4,1,1,3,1,1,1,1,1,5,1,1,1,1,1,3,2,5,4,5,3,4,4,2,4,2,2,2,2,3,2,2,4,2,3,Feminino,21,Preto,Sem companheiro(a),998,2,"Ciências Sociais, artes e educação"
50,2,2,1,1,1,3,3,5,5,5,4,5,2,3,3,2,3,3,2,2,5,2,3,2,3,5,1,1,7,1,1,1,2,1,1,1,1,3,1,1,2,2,3,1,5,4,2,4,2,2,4,5,5,5,3,5,5,5,5,5,Masculino,21,Branco,Sem companheiro(a),5000,5,"Ciências Sociais, artes e educação"
51,4,5,5,5,4,5,4,5,4,4,4,3,4,5,3,5,5,2,5,3,5,4,3,4,2,3,1,1,1,1,1,1,1,1,1,4,1,1,4,4,4,4,5,3,4,4,2,4,1,2,2,3,2,3,3,2,3,2,3,4,Feminino,21,Branco,Sem companheiro(a),3000,4,"Ciências Sociais, artes e educação"
52,2,2,3,2,3,4,2,5,4,5,4,3,4,3,3,5,3,3,4,3,4,4,3,4,2,3,2,1,1,1,1,1,2,1,1,2,1,2,1,4,2,4,5,4,5,3,2,3,1,3,3,3,5,3,3,3,2,4,3,4,Masculino,23,Branco,Sem companheiro(a),4000,2,Saúde
54,2,5,5,3,5,5,5,3,5,4,4,3,4,4,4,5,4,2,4,3,1,4,3,2,2,3,1,1,1,1,1,1,7,1,4,4,1,1,5,4,5,5,5,5,5,5,5,5,2,3,2,2,3,3,4,2,3,2,2,4,Feminino,20,Preto,Sem companheiro(a),1220,1,Saúde
55,5,5,5,3,5,4,4,5,5,4,4,4,4,5,4,3,3,1,2,2,5,4,4,4,3,4,1,1,1,1,1,1,1,1,5,1,1,1,1,1,3,4,4,4,3,4,4,4,4,4,2,2,3,4,2,3,3,3,3,3,Feminino,20,Branco,Sem companheiro(a),500,4,"Ciências Sociais, artes e educação"
56,1,4,4,4,5,5,4,5,5,4,4,4,4,5,4,4,4,2,3,3,5,4,5,4,4,4,1,1,2,4,1,1,2,1,3,1,2,3,2,1,2,3,4,5,2,1,3,2,2,2,3,3,4,4,4,4,4,4,3,5,Feminino,25,Preto,Sem companheiro(a),4000,6,"Ciências Sociais, artes e educação"
57,4,4,5,3,2,4,4,5,4,5,4,4,4,3,5,5,5,4,4,4,4,4,5,4,4,4,1,2,5,1,1,1,3,1,1,3,3,1,1,1,4,5,5,3,3,1,4,3,4,2,3,4,4,4,4,4,4,5,4,4,Masculino,20,Preto,Sem companheiro(a),1500,4,Ciências exatas e biológicas
58,2,4,5,4,2,5,4,5,5,5,5,5,5,5,5,5,5,3,3,5,5,5,5,5,4,5,1,4,5,2,1,1,3,1,1,1,1,7,4,1,5,4,4,5,5,5,5,5,5,3,3,3,5,5,5,5,5,5,5,5,Feminino,20,Pardo,Sem companheiro(a),1014,3,Ciências exatas e biológicas
59,5,3,3,2,3,3,3,4,4,4,3,4,3,1,3,5,3,2,1,2,4,5,4,5,1,3,1,1,3,1,1,1,2,1,6,1,1,5,2,1,2,5,4,2,1,1,4,1,2,2,4,3,4,5,3,5,4,5,4,5,Feminino,19,Pardo,Sem companheiro(a),2500,4,Ciências exatas e biológicas
60,3,4,4,4,5,5,5,3,5,5,4,3,4,4,5,5,5,1,5,2,5,5,5,5,3,4,6,5,2,6,1,2,2,1,3,4,5,7,5,2,3,4,5,5,4,2,3,4,2,2,4,5,5,5,4,4,4,5,5,5,Feminino,22,Pardo,Sem companheiro(a),2500,5,Ciências exatas e biológicas
61,5,5,5,5,5,3,5,5,5,5,5,5,5,3,5,3,4,2,3,1,5,5,5,5,5,5,1,1,1,2,1,2,1,1,1,1,1,6,1,1,2,5,5,3,3,1,3,2,5,3,3,4,5,5,4,5,5,5,5,3,Feminino,23,Branco,Sem companheiro(a),1000,4,Ciências exatas e biológicas
62,5,5,4,5,4,3,4,4,5,4,4,5,3,3,3,4,4,1,4,4,5,4,3,3,3,4,1,2,1,2,1,1,2,1,2,2,3,1,1,2,2,4,5,4,3,2,2,3,2,3,3,3,3,2,2,4,5,4,3,3,Feminino,32,Branco,Com companheiro(a),2500,2,Ciências exatas e biológicas
63,5,4,5,5,4,4,4,4,4,4,4,4,3,2,5,5,4,2,3,2,4,4,4,4,3,4,1,1,1,1,1,1,1,1,1,1,1,1,1,1,4,2,3,2,4,2,2,3,2,2,3,4,4,4,4,4,5,4,4,4,Masculino,20,Branco,Sem companheiro(a),4000,5,Ciências exatas e biológicas
64,3,4,5,2,5,5,4,4,5,4,4,4,4,4,2,3,4,3,5,1,4,4,3,4,1,4,1,1,1,1,1,1,7,1,1,1,1,1,1,1,4,2,3,4,3,3,2,4,2,3,3,4,3,5,4,4,4,5,4,4,Feminino,22,Pardo,Sem companheiro(a),4000,5,Ciências exatas e biológicas
65,4,5,5,5,5,5,5,5,5,5,5,5,5,5,5,5,5,4,4,3,3,4,3,4,3,5,1,1,4,1,1,1,1,1,2,3,4,4,5,2,5,4,5,5,5,4,5,5,4,5,1,1,5,4,3,3,5,3,5,4,Feminino,20,Branco,Sem companheiro(a),1500,5,Ciências exatas e biológicas
66,2,3,4,4,4,5,5,5,5,5,5,5,4,5,4,4,5,2,3,4,5,5,5,5,4,4,4,4,4,1,1,3,4,1,1,1,1,4,4,1,2,3,4,3,2,3,3,2,2,2,3,3,4,3,4,5,4,4,4,5,Feminino,26,Preto,Sem companheiro(a),1800,5,Ciências exatas e biológicas
67,5,3,2,4,3,3,1,5,5,3,5,5,4,1,2,3,1,1,2,2,5,5,3,5,3,5,7,5,7,4,2,5,2,5,3,4,4,1,4,1,2,3,2,4,3,4,2,4,1,2,5,5,5,5,4,5,2,5,5,4,Masculino,25,Branco,Sem companheiro(a),1996,4,Ciências exatas e biológicas
68,3,3,4,1,1,3,3,5,5,5,5,5,4,3,5,5,5,1,1,1,5,4,5,5,5,5,1,1,1,1,1,7,4,1,1,1,7,7,1,1,3,5,5,5,3,5,1,4,1,2,4,5,5,5,5,5,5,5,5,4,Masculino,20,Preto,Sem companheiro(a),2500,2,Ciências exatas e biológicas
69,3,3,3,2,3,4,3,4,4,4,4,4,4,2,2,3,3,3,3,3,4,4,4,4,4,4,2,2,4,4,4,4,4,1,2,4,4,2,4,4,3,3,3,4,2,3,3,3,3,4,3,3,4,4,4,3,4,3,3,3,Feminino,20,Branco,Sem companheiro(a),1800,3,"Ciências Sociais, artes e educação"
70,3,4,4,3,3,4,4,5,5,5,5,5,5,3,5,5,4,2,3,2,4,5,5,5,3,4,1,1,2,1,1,2,1,1,3,3,4,4,5,3,4,4,4,5,2,2,2,3,3,4,3,4,4,4,3,3,4,3,4,3,Masculino,19,Pardo,Sem companheiro(a),400,1,Ciências exatas e biológicas
71,4,4,4,4,5,5,5,5,4,4,4,3,4,4,5,4,4,3,4,2,4,2,2,3,4,4,1,1,3,1,1,1,3,1,1,1,1,1,1,1,5,3,4,5,5,4,5,5,4,3,3,3,2,2,4,3,5,3,3,3,Masculino,23,Pardo,Sem companheiro(a),1500,3,"Ciências Sociais, artes e educação"
72,2,3,3,5,5,5,2,5,4,4,3,3,3,3,4,5,5,1,2,2,1,3,2,2,2,3,1,1,2,2,1,6,1,1,1,2,4,1,7,1,5,4,2,5,2,1,4,5,1,3,1,3,2,3,1,2,1,1,2,3,Feminino,21,Preto,Sem companheiro(a),3000,6,Ciências exatas e biológicas
73,1,5,4,3,5,5,3,5,5,5,5,5,4,4,5,5,5,3,3,4,4,4,4,4,3,4,1,1,1,1,1,1,1,1,1,1,1,1,1,1,3,5,5,4,4,3,4,2,2,3,3,3,4,4,4,3,4,3,2,2,Masculino,32,Branco,Sem companheiro(a),7380,3,"Ciências Sociais, artes e educação"
74,4,4,3,3,5,5,3,5,5,5,5,4,5,3,3,1,3,1,3,2,4,3,4,5,3,4,1,1,1,1,1,1,2,1,1,4,1,1,4,4,2,3,3,1,3,5,1,4,1,1,3,4,4,4,4,4,4,5,4,4,Feminino,19,Pardo,Sem companheiro(a),998,2,"Ciências Sociais, artes e educação"
75,4,4,3,3,4,5,5,5,5,4,5,4,5,5,5,5,5,5,5,3,4,5,5,4,3,4,1,1,1,1,1,1,2,1,1,1,1,4,1,1,4,5,5,3,4,2,4,3,5,4,2,3,5,3,2,5,5,5,5,5,Feminino,23,Amarelo,Com companheiro(a),1300,2,"Ciências Sociais, artes e educação"
76,2,4,4,4,3,4,4,5,5,5,5,4,4,4,3,4,3,2,3,2,5,5,4,5,3,4,1,1,4,1,1,1,3,4,3,2,2,4,3,2,2,4,4,5,4,2,3,1,3,3,2,3,4,4,4,3,4,3,4,4,Feminino,25,Pardo,Sem companheiro(a),212,6,"Ciências Sociais, artes e educação"
77,4,4,5,2,3,5,5,2,4,4,3,3,2,1,3,2,3,2,1,2,4,5,5,5,5,4,1,1,2,1,1,1,3,1,3,4,4,6,6,3,2,5,3,1,1,1,1,2,1,2,3,4,2,5,5,3,3,3,2,4,Masculino,20,Indígena,Sem companheiro(a),4000,5,Ciências exatas e biológicas
78,2,3,1,1,1,3,3,3,3,2,3,3,1,1,4,1,2,1,3,1,3,4,2,4,3,4,3,3,4,3,2,2,4,2,3,5,6,7,7,5,2,3,3,4,4,5,4,5,1,2,4,4,4,3,5,4,5,3,5,3,Masculino,19,Branco,Sem companheiro(a),2000,3,Ciências exatas e biológicas
79,5,5,5,5,5,5,5,5,5,5,4,4,5,5,4,4,4,4,5,4,5,5,5,5,5,5,1,1,1,1,1,1,1,1,1,1,1,1,1,1,3,3,2,4,1,1,1,1,1,1,4,4,4,5,5,4,5,4,4,4,Feminino,20,Pardo,Sem companheiro(a),3500,4,"Ciências Sociais, artes e educação"
80,4,5,4,5,5,5,4,4,4,4,4,4,4,5,4,1,3,2,3,3,4,5,5,5,4,5,1,1,1,1,1,1,1,1,1,2,2,4,3,2,5,3,3,3,3,3,3,3,3,4,2,2,3,4,3,3,4,3,2,3,Masculino,21,Branco,Sem companheiro(a),2700,4,"Ciências Sociais, artes e educação"
81,5,5,5,5,5,5,5,5,5,5,5,5,4,4,5,2,2,1,4,3,5,5,5,5,5,5,1,1,1,3,2,1,1,1,2,4,4,6,4,4,1,2,2,2,3,3,3,2,1,1,5,5,5,5,4,5,5,5,5,5,Feminino,21,Branco,Sem companheiro(a),3000,5,Saúde
82,2,2,2,2,4,5,5,5,4,3,3,4,4,1,2,2,2,1,3,1,5,5,5,5,4,5,1,1,1,1,1,1,1,1,1,3,3,5,3,3,1,5,4,5,5,4,3,4,3,3,4,4,5,4,2,2,4,3,4,2,Feminino,25,Pardo,Com companheiro(a),1800,2,Saúde
83,1,1,5,1,3,5,5,3,5,5,5,3,5,5,3,3,3,5,5,3,5,3,5,3,3,5,1,6,7,7,4,4,7,1,7,7,7,1,1,1,3,5,3,5,3,1,3,3,1,1,3,3,5,5,5,1,5,5,3,3,Masculino,24,Branco,Sem companheiro(a),3000,4,Saúde
85,2,3,4,5,3,3,5,5,5,5,5,5,4,3,3,5,4,2,5,5,5,4,5,4,4,5,1,1,1,1,1,1,3,1,1,4,4,4,4,4,4,5,5,5,4,3,4,4,4,5,2,2,2,3,3,3,5,3,3,3,Masculino,20,Branco,Sem companheiro(a),900,3,"Ciências Sociais, artes e educação"
86,3,4,4,4,1,5,4,5,5,5,5,3,5,4,5,5,5,4,5,3,5,3,3,4,2,5,1,1,2,1,1,1,2,1,1,1,1,1,1,1,4,2,1,1,5,4,5,4,1,2,4,3,4,5,5,3,2,5,3,4,Feminino,18,Branco,Sem companheiro(a),8000,3,"Ciências Sociais, artes e educação"
87,3,3,5,5,4,5,4,5,5,5,5,5,5,5,4,5,4,3,4,5,4,4,4,4,4,4,1,1,1,2,1,1,2,1,5,3,1,1,1,1,4,5,5,4,4,3,5,4,4,4,3,4,4,3,3,4,4,4,4,3,Feminino,23,Branco,Sem companheiro(a),1300,5,Saúde
88,4,3,3,4,4,4,4,4,5,4,4,4,3,1,3,3,3,2,1,2,5,5,5,5,1,4,1,1,5,1,1,1,2,1,1,4,4,3,4,4,2,3,3,3,2,3,2,2,2,2,3,4,4,4,3,4,4,4,4,4,Feminino,20,Branco,Sem companheiro(a),2000,4,"Ciências Sociais, artes e educação"
89,3,3,3,3,5,3,4,4,4,4,4,3,4,4,5,5,5,4,3,3,4,4,2,4,2,4,1,2,2,3,1,4,1,1,1,4,1,7,7,3,3,5,5,5,3,2,2,5,3,3,2,2,4,4,4,2,2,1,3,3,Feminino,18,Pardo,Sem companheiro(a),5000,4,Saúde
90,3,3,3,3,5,3,4,4,4,4,4,3,4,4,5,5,5,4,3,3,4,4,2,4,2,4,1,2,2,3,1,4,1,1,1,4,1,7,7,3,3,5,5,5,3,2,2,5,3,3,2,2,4,4,4,2,2,1,3,3,Feminino,18,Pardo,Sem companheiro(a),5000,4,Saúde
91,3,5,5,3,2,5,4,4,5,5,5,4,5,5,5,5,5,3,5,3,5,5,5,4,4,4,1,3,1,1,1,1,1,1,1,5,5,4,5,3,4,5,5,5,2,2,5,2,4,4,3,2,3,4,4,3,4,3,3,3,Masculino,25,Pardo,Sem companheiro(a),1500,4,Ciências exatas e biológicas
93,5,3,3,1,3,5,3,5,5,5,3,5,3,3,1,1,3,1,5,3,5,5,5,5,1,5,1,1,3,4,1,1,2,1,3,1,1,1,1,1,5,5,5,4,4,3,3,5,1,3,1,5,5,5,5,3,5,3,4,4,Feminino,24,Pardo,Sem companheiro(a),3000,5,Ciências exatas e biológicas
94,5,5,5,4,5,5,5,5,5,5,5,5,5,5,5,4,3,1,4,2,3,5,4,5,5,5,6,5,6,2,1,2,4,1,2,1,1,1,1,1,2,5,2,4,4,1,1,1,1,1,4,4,5,5,5,4,5,5,5,5,Masculino,20,Pardo,Sem companheiro(a),700,3,Ciências exatas e biológicas
95,5,5,4,3,5,4,4,5,5,5,4,3,5,4,5,4,3,1,3,1,5,5,4,5,4,5,1,1,2,1,1,1,1,1,1,1,1,1,1,1,4,5,5,1,1,1,1,3,1,1,4,3,5,3,5,5,4,5,3,5,Feminino,22,Pardo,Sem companheiro(a),4000,4,"Ciências Sociais, artes e educação"
96,4,3,2,3,3,2,3,4,5,4,3,4,2,1,2,2,2,4,2,2,3,5,4,4,1,4,5,2,3,2,3,1,5,6,2,1,2,2,1,1,1,4,4,3,2,2,3,2,3,2,3,3,4,5,3,3,5,5,5,3,Masculino,22,Branco,Sem companheiro(a),2000,4,Ciências exatas e biológicas
97,4,5,5,5,5,5,5,4,5,5,4,4,3,4,5,5,5,2,3,2,5,3,5,5,4,5,2,1,1,1,1,1,1,1,1,1,1,4,2,1,4,3,5,5,4,2,2,5,1,1,2,3,3,4,4,4,3,3,4,4,Feminino,21,Branco,Sem companheiro(a),600,3,"Ciências Sociais, artes e educação"
98,3,2,2,3,3,2,4,2,4,5,4,5,4,2,4,4,3,2,2,3,4,5,5,4,3,4,1,1,1,1,4,3,1,4,4,1,1,1,1,1,3,2,3,3,1,3,1,2,3,2,3,3,4,5,4,4,4,3,3,4,Feminino,22,Pardo,Com companheiro(a),1000,2,"Ciências Sociais, artes e educação"
99,3,5,5,5,5,5,5,4,5,5,4,4,4,5,4,4,5,2,2,3,4,3,4,3,4,4,1,1,2,1,1,1,1,1,1,2,2,7,4,1,2,5,5,5,5,2,4,4,2,2,3,3,4,5,5,4,4,5,4,4,Masculino,21,Pardo,Sem companheiro(a),800,4,"Ciências Sociais, artes e educação"
100,1,4,4,4,4,5,5,4,5,5,5,4,5,5,3,5,5,1,4,2,5,5,4,4,5,5,1,1,3,1,1,1,2,1,1,5,3,5,4,4,5,5,5,5,2,1,1,4,1,2,3,3,5,5,5,4,3,5,5,4,Feminino,19,Branco,Sem companheiro(a),1500,6,Saúde
101,1,5,5,5,5,5,5,4,5,5,5,5,3,3,4,5,5,1,3,1,5,5,5,5,5,5,1,1,3,1,1,1,1,1,1,1,2,4,1,1,3,4,3,3,3,2,4,2,2,4,3,2,3,4,4,3,5,3,2,2,Feminino,23,Branco,Sem companheiro(a),4000,4,"Ciências Sociais, artes e educação"
103,3,3,4,2,2,4,4,3,3,3,4,5,4,3,5,4,5,2,4,4,5,5,5,5,5,5,4,3,3,4,4,7,3,1,7,1,4,7,7,1,5,3,4,3,4,4,2,5,1,4,3,4,5,2,3,3,3,3,5,2,Masculino,19,Branco,Sem companheiro(a),5000,3,Ciências exatas e biológicas
104,2,4,3,3,3,5,5,4,5,5,4,4,4,3,3,4,5,2,5,4,4,5,3,4,5,4,1,1,3,1,1,1,7,1,1,1,1,1,3,1,5,5,5,3,3,1,3,4,5,2,1,2,2,1,2,1,4,1,2,3,Masculino,21,Pardo,Sem companheiro(a),17000,5,"Ciências Sociais, artes e educação"
105,3,4,5,3,4,3,4,4,5,4,4,4,4,3,4,4,4,3,3,3,4,5,5,4,2,3,2,3,4,4,2,1,4,1,2,3,5,6,3,3,3,3,4,4,3,3,4,3,3,4,3,4,4,4,3,4,4,3,3,3,Masculino,21,Pardo,Sem companheiro(a),950,4,Ciências exatas e biológicas
106,3,3,2,1,2,2,3,4,1,3,3,3,3,3,4,5,4,4,3,4,2,4,4,4,3,4,2,5,4,5,2,4,4,1,4,2,3,3,3,3,3,3,3,5,2,2,2,2,1,3,2,2,4,5,4,2,4,3,2,4,Masculino,21,Pardo,Sem companheiro(a),2300,4,Ciências exatas e biológicas
107,3,3,2,2,4,4,3,5,5,4,3,4,1,3,1,3,4,1,3,1,5,5,3,5,5,4,1,1,2,7,1,1,4,1,2,4,4,7,7,4,3,3,4,3,2,1,2,1,1,2,3,4,4,5,4,5,5,5,4,5,Masculino,24,Branco,Sem companheiro(a),1996,5,Ciências exatas e biológicas
108,1,5,5,3,5,4,1,4,4,3,4,4,4,1,1,4,4,3,1,1,5,5,4,5,1,4,4,1,1,4,1,1,1,1,1,1,1,4,6,1,2,5,4,5,3,5,3,4,3,1,5,5,5,5,5,5,5,5,4,5,Masculino,23,Branco,Sem companheiro(a),3000,5,Ciências exatas e biológicas
109,4,5,5,4,4,5,4,5,5,5,4,4,5,4,5,5,4,3,4,2,4,4,4,5,4,5,4,4,5,4,4,1,6,3,7,1,3,1,6,1,2,3,4,1,3,1,2,2,1,2,5,5,5,5,5,5,5,5,5,5,Masculino,22,Branco,Sem companheiro(a),10000,5,Ciências exatas e biológicas
110,4,5,5,4,4,5,4,5,5,5,4,4,5,4,5,5,4,3,4,2,4,4,4,5,4,5,4,4,5,4,4,1,6,3,7,1,3,1,6,1,2,3,4,1,3,1,2,2,1,2,5,5,5,5,5,5,5,5,5,5,Masculino,22,Branco,Sem companheiro(a),10000,5,Ciências exatas e biológicas
111,4,5,5,4,4,5,4,5,5,5,4,4,5,4,5,5,4,3,4,2,4,4,4,5,4,5,4,4,5,4,4,1,6,3,7,1,3,1,6,1,2,3,4,1,3,1,2,2,1,2,5,5,5,5,5,5,5,5,5,5,Masculino,22,Branco,Sem companheiro(a),10000,5,Ciências exatas e biológicas
112,4,3,5,3,4,2,2,4,5,3,3,3,1,2,4,5,5,1,2,3,3,4,5,4,4,5,1,1,1,1,1,1,1,1,1,1,1,1,1,1,3,4,2,5,2,1,3,1,2,3,1,3,5,2,4,4,2,2,3,3,Masculino,18,Pardo,Sem companheiro(a),1700,2,Ciências exatas e biológicas
113,3,4,4,3,5,4,3,4,4,4,4,3,4,3,5,5,4,2,4,3,4,4,4,4,4,4,1,1,2,1,1,1,1,1,1,4,4,4,4,4,4,4,4,5,3,2,3,2,4,4,2,2,4,4,2,2,2,4,3,3,Masculino,25,Branco,Sem companheiro(a),4000,5,"Ciências Sociais, artes e educação"
114,3,5,5,4,5,5,5,4,5,5,4,4,4,2,4,3,3,2,2,3,4,4,4,4,4,4,1,1,1,1,1,1,7,1,3,1,1,3,2,1,3,5,5,2,2,3,4,2,4,3,2,3,3,3,4,4,5,3,3,4,Masculino,19,Branco,Sem companheiro(a),1800,4,Saúde
115,1,5,4,3,5,5,5,5,5,5,4,4,5,5,5,5,5,3,5,4,5,3,5,4,4,5,1,1,2,2,1,1,1,1,2,1,1,3,1,1,5,5,5,2,4,2,2,2,2,4,2,1,2,3,2,1,2,1,2,2,Feminino,18,Amarelo,Sem companheiro(a),3000,3,Saúde
116,1,2,5,3,4,4,3,5,5,5,5,4,4,5,3,3,4,5,3,1,5,5,5,5,5,5,1,4,2,2,1,1,3,1,1,1,1,7,1,1,1,4,5,2,1,1,1,1,3,4,2,3,5,4,3,2,5,3,4,3,Masculino,21,Preto,Sem companheiro(a),2000,4,Ciências exatas e biológicas
117,5,5,5,4,4,4,5,5,5,5,5,4,4,4,5,5,5,4,4,4,5,4,3,4,2,4,1,1,3,1,1,1,1,1,1,2,3,2,4,2,5,5,5,3,4,2,4,4,4,4,4,4,4,4,4,4,4,4,4,5,Masculino,21,Branco,Sem companheiro(a),954,6,"Ciências Sociais, artes e educação"
118,2,2,2,4,4,5,2,4,5,3,3,4,4,1,5,4,4,3,5,4,4,3,4,3,3,5,2,2,1,6,1,1,2,1,2,3,2,2,3,2,4,5,5,2,3,2,4,5,4,4,3,4,4,4,4,3,4,4,4,3,Masculino,23,Pardo,Sem companheiro(a),400,1,"Ciências Sociais, artes e educação"
119,3,5,4,4,5,5,4,5,5,5,5,5,4,4,4,5,5,1,4,2,4,5,5,4,3,5,1,1,1,1,1,1,1,1,1,1,1,1,1,1,2,4,3,5,2,1,2,3,5,5,2,2,4,4,3,2,3,3,3,2,Feminino,24,Pardo,Sem companheiro(a),980,5,"Ciências Sociais, artes e educação"
120,5,5,5,5,5,5,5,5,5,5,5,5,5,5,5,5,5,2,5,3,5,5,4,5,3,5,1,1,2,1,1,1,1,1,3,1,1,1,2,1,4,5,5,4,2,1,5,3,4,5,2,2,4,3,2,4,5,3,3,2,Feminino,18,Branco,Sem companheiro(a),434,3,"Ciências Sociais, artes e educação"
122,1,5,5,5,5,4,3,3,5,4,3,5,4,3,5,4,5,5,4,3,4,5,4,5,3,3,1,1,1,1,1,1,1,1,1,1,1,4,1,1,3,4,4,4,2,2,4,2,1,1,3,3,5,5,5,3,2,4,3,4,Feminino,22,Pardo,Sem companheiro(a),900,2,"Ciências Sociais, artes e educação"
123,4,5,5,4,4,5,5,4,5,5,5,3,5,3,5,4,5,3,5,4,5,5,4,4,5,5,5,2,4,4,3,4,2,2,2,2,2,2,2,2,3,3,2,5,1,1,3,1,3,3,2,3,4,5,2,2,4,2,3,2,Feminino,18,Preto,Sem companheiro(a),3000,4,"Ciências Sociais, artes e educação"
124,3,5,4,2,4,5,3,5,5,5,4,5,3,4,4,3,3,2,3,3,5,4,5,4,4,5,1,1,1,1,1,1,3,1,1,1,1,7,1,1,4,5,5,5,3,3,5,3,3,3,2,2,4,5,5,2,3,3,2,4,Feminino,23,Preto,Sem companheiro(a),500,1,"Ciências Sociais, artes e educação"
125,3,3,3,3,3,4,3,3,4,4,4,4,4,3,4,3,4,3,5,4,4,4,4,4,4,4,1,1,2,1,1,1,2,1,1,1,1,1,1,1,4,5,5,3,2,1,5,2,4,4,2,2,3,4,2,2,5,2,2,2,Feminino,22,Preto,Sem companheiro(a),998,4,"Ciências Sociais, artes e educação"
126,3,5,5,4,5,3,4,5,5,5,5,5,5,4,4,5,5,1,3,2,5,5,4,5,3,5,1,1,1,1,1,1,1,1,1,1,1,1,1,1,4,4,5,3,3,3,4,3,4,3,2,2,4,3,2,3,4,4,2,4,Feminino,21,Branco,Sem companheiro(a),650,4,"Ciências Sociais, artes e educação"
127,4,4,3,3,2,5,3,4,4,4,4,3,2,2,4,5,3,2,3,3,4,4,5,4,3,5,6,5,2,7,3,2,3,5,3,4,2,4,3,3,3,5,5,5,4,2,5,4,4,5,2,3,2,2,2,3,4,2,3,2,Masculino,19,Pardo,Sem companheiro(a),2000,1,Ciências exatas e biológicas
128,2,5,5,5,5,5,5,5,5,5,4,5,3,3,4,5,5,1,3,3,5,5,4,5,5,5,4,1,2,3,4,6,6,1,3,7,5,6,4,4,4,3,2,4,2,1,2,2,2,3,3,4,4,4,2,4,5,5,5,5,Masculino,19,Pardo,Sem companheiro(a),3500,5,Ciências exatas e biológicas
129,3,3,4,3,2,5,5,5,5,4,4,4,4,4,5,4,5,1,3,3,4,5,5,5,3,5,5,4,4,6,4,2,5,7,7,4,4,2,5,1,4,4,5,4,1,1,2,3,3,5,5,4,5,5,5,5,2,4,5,5,Masculino,18,Pardo,Sem companheiro(a),1800,5,Ciências exatas e biológicas
130,4,4,5,5,5,3,4,5,5,5,5,5,5,5,5,5,4,2,4,3,5,5,5,5,5,5,1,1,2,2,1,1,3,1,1,3,1,4,3,3,2,4,4,2,3,1,1,3,2,2,4,4,4,4,4,4,3,3,4,5,Feminino,18,Branco,Sem companheiro(a),1000,4,Ciências exatas e biológicas
131,1,5,4,1,5,5,5,3,5,5,2,3,1,1,1,2,1,1,1,1,4,5,3,4,5,5,1,1,6,1,4,7,1,1,1,1,1,7,7,1,5,3,5,5,5,1,4,3,5,3,1,1,4,3,5,5,4,3,4,4,Masculino,18,Branco,Sem companheiro(a),1900,4,Ciências exatas e biológicas
132,5,5,5,4,5,4,4,5,5,4,4,3,5,4,5,4,4,1,4,2,5,4,4,4,4,5,1,1,1,1,1,1,2,1,1,3,2,4,4,3,3,3,5,3,3,1,2,1,3,3,4,3,3,5,3,3,4,4,4,4,Feminino,21,Branco,Sem companheiro(a),350,1,Ciências exatas e biológicas
133,5,5,5,5,5,5,4,4,5,4,4,3,3,3,4,4,4,3,3,4,5,4,4,4,4,4,1,1,3,2,2,2,2,1,1,2,3,2,3,2,4,5,5,3,3,2,4,3,3,4,3,5,3,3,3,2,5,3,4,3,Feminino,19,Pardo,Sem companheiro(a),2600,3,Ciências exatas e biológicas
134,3,4,4,4,4,5,5,5,5,5,5,5,5,3,4,4,5,1,3,1,5,5,5,5,5,5,1,1,2,1,1,1,1,1,1,4,1,1,7,4,4,5,5,1,4,1,2,4,1,2,4,3,4,3,3,4,5,5,3,4,Feminino,18,Pardo,Sem companheiro(a),800,2,"Ciências Sociais, artes e educação"
135,2,5,3,3,5,3,5,3,5,4,3,4,3,2,3,4,4,1,4,3,4,4,5,5,4,4,1,1,1,1,1,1,1,1,1,1,1,1,1,1,2,3,2,4,3,3,2,3,2,2,3,4,2,4,4,5,4,3,4,4,Feminino,27,Pardo,Sem companheiro(a),2500,4,Saúde
136,1,3,4,1,2,5,2,3,5,5,5,4,5,3,4,5,4,1,5,1,5,3,5,2,3,4,1,1,1,1,1,1,3,1,1,1,1,1,1,1,4,5,4,5,5,4,4,4,3,3,1,5,4,4,4,4,5,4,3,4,Feminino,23,Pardo,Sem companheiro(a),2900,4,Saúde
137,4,5,5,5,5,5,5,4,4,4,5,4,5,4,4,5,5,2,4,2,3,3,3,3,3,4,1,1,1,1,1,1,1,1,1,1,1,1,1,1,3,5,5,5,5,5,5,5,4,4,3,2,2,4,3,1,5,3,4,3,Feminino,18,Branco,Sem companheiro(a),6000,3,"Ciências Sociais, artes e educação"
138,5,5,4,5,5,5,5,4,5,4,5,5,5,4,5,5,5,3,5,4,5,4,5,4,4,4,1,1,1,1,1,1,4,1,1,1,1,1,1,1,4,5,5,5,5,4,4,5,4,4,3,4,4,5,4,4,3,4,4,4,Feminino,21,Preto,Sem companheiro(a),4000,3,"Ciências Sociais, artes e educação"
139,2,1,1,1,1,4,5,4,4,5,4,2,3,2,1,3,4,2,2,2,4,5,5,5,5,5,2,1,1,2,1,1,5,1,2,1,1,4,1,1,2,3,4,4,3,3,3,3,4,2,4,5,4,5,3,4,3,4,4,4,Masculino,21,Pardo,Sem companheiro(a),3000,3,Saúde
140,5,5,5,4,5,5,4,4,5,5,3,3,4,2,4,4,2,1,2,2,5,5,3,5,4,5,1,1,1,1,1,1,1,1,1,1,1,1,1,1,2,3,3,4,3,3,3,3,2,2,2,4,2,5,5,4,4,4,3,3,Feminino,21,Branco,Sem companheiro(a),4000,4,"Ciências Sociais, artes e educação"
141,5,5,5,5,5,5,5,5,5,5,5,5,5,5,5,5,5,5,5,5,5,5,4,5,5,5,1,1,1,1,1,1,1,1,1,1,1,1,1,1,4,5,5,5,3,4,4,4,2,4,3,4,4,5,4,5,5,4,4,4,Feminino,57,Pardo,Sem companheiro(a),4500,3,"Ciências Sociais, artes e educação"
142,3,3,3,3,4,3,4,4,4,4,4,4,4,3,4,4,4,3,3,4,4,4,4,4,3,4,1,1,1,1,1,1,1,1,1,1,1,1,1,1,3,3,4,4,2,1,2,2,2,2,2,3,4,4,3,4,3,4,3,3,Masculino,20,Branco,Sem companheiro(a),1800,4,"Ciências Sociais, artes e educação"
143,3,4,4,3,4,3,3,4,4,4,3,3,4,3,3,3,4,2,3,1,4,3,4,3,3,4,1,2,2,2,1,2,2,1,1,2,3,2,3,2,3,4,4,3,3,2,2,2,2,2,3,3,4,4,3,4,3,4,3,3,Feminino,32,Preto,Sem companheiro(a),3000,6,Saúde
144,4,4,4,3,4,5,5,5,5,5,4,4,5,3,5,5,5,2,5,2,5,4,5,5,4,5,1,1,1,1,1,1,1,1,1,1,2,4,2,1,4,4,5,5,2,2,4,2,2,3,2,3,4,5,2,3,4,3,3,3,Feminino,20,Pardo,Sem companheiro(a),9000,4,"Ciências Sociais, artes e educação"
145,4,5,5,3,4,5,5,5,5,5,5,4,5,5,5,5,5,3,5,4,5,4,4,5,5,5,1,1,1,1,1,1,1,1,1,1,1,1,1,1,5,5,5,5,3,4,5,4,2,4,1,1,2,3,2,1,3,2,1,2,Feminino,22,Branco,Sem companheiro(a),2000,4,"Ciências Sociais, artes e educação"
146,2,4,5,4,4,5,5,5,5,5,5,4,4,4,5,5,5,2,5,4,3,3,3,4,4,5,1,1,1,1,1,1,1,1,1,1,1,1,1,1,4,3,5,4,4,4,5,5,2,2,3,3,4,5,4,4,3,4,4,4,Feminino,20,Preto,Sem companheiro(a),10000,4,"Ciências Sociais, artes e educação"
147,4,5,5,5,5,4,5,5,5,4,4,3,5,3,3,4,4,2,2,2,5,5,3,5,5,5,1,1,1,1,1,1,1,1,2,1,1,1,4,1,3,3,4,4,4,3,3,4,1,3,2,3,3,4,4,3,5,4,4,5,Feminino,27,Preto,Com companheiro(a),4000,1,"Ciências Sociais, artes e educação"
148,3,3,3,3,5,5,5,4,5,4,4,4,4,4,4,5,4,1,3,5,5,5,5,5,5,5,2,2,2,2,1,1,2,1,4,1,1,7,1,1,3,3,5,3,2,2,3,2,4,1,4,5,5,5,5,5,5,5,4,4,Masculino,27,Pardo,Sem companheiro(a),2600,1,"Ciências Sociais, artes e educação"
149,3,4,5,3,4,5,4,5,5,4,5,4,5,3,3,4,4,3,5,3,4,5,4,5,2,4,1,5,6,1,1,1,2,1,5,1,4,1,1,1,4,5,5,5,4,5,5,5,5,5,2,2,3,4,2,3,5,2,2,2,Feminino,20,Pardo,Sem companheiro(a),4000,5,"Ciências Sociais, artes e educação"
150,4,4,5,4,4,5,5,5,5,5,5,5,4,5,5,4,5,2,3,5,5,5,5,5,5,5,2,1,1,1,2,1,1,1,1,1,1,2,1,1,3,5,3,5,3,2,2,3,4,4,2,4,4,5,3,4,5,3,4,2,Masculino,27,Branco,Sem companheiro(a),10000,5,"Ciências Sociais, artes e educação"
151,4,5,5,4,5,5,5,4,5,5,5,4,4,5,4,5,5,4,5,3,4,5,4,4,5,5,1,1,1,1,1,1,1,1,1,1,2,1,3,1,5,4,5,4,5,1,5,2,2,3,2,2,1,5,4,4,4,3,1,5,Feminino,19,Pardo,Sem companheiro(a),5000,4,"Ciências Sociais, artes e educação"
152,1,3,3,3,4,3,3,4,5,4,4,4,4,4,5,4,3,3,3,3,3,3,3,3,3,4,1,3,1,4,1,1,4,1,3,1,1,1,3,1,2,5,3,1,3,3,2,3,2,4,2,2,2,2,2,3,4,2,3,2,Feminino,29,Pardo,Sem companheiro(a),3000,4,"Ciências Sociais, artes e educação"
153,3,4,4,4,4,5,2,5,5,4,3,4,4,4,5,5,5,2,4,3,4,4,3,4,4,3,1,1,2,1,1,1,1,1,1,1,1,1,1,1,3,4,4,4,3,2,2,3,2,3,4,3,3,4,4,4,4,4,3,4,Feminino,20,Pardo,Sem companheiro(a),4000,5,"Ciências Sociais, artes e educação"
154,4,4,4,4,5,3,5,5,5,4,5,5,5,5,4,4,4,2,5,2,5,2,3,4,4,5,1,1,2,1,1,1,1,1,2,1,4,1,1,1,2,3,2,5,5,3,5,5,4,4,4,4,3,4,5,5,5,3,3,3,Feminino,18,Branco,Sem companheiro(a),4317,2,"Ciências Sociais, artes e educação"
155,4,3,5,4,5,5,5,5,4,5,5,4,2,2,5,5,5,4,5,3,5,1,5,2,1,5,1,1,1,5,1,1,1,1,2,1,1,5,5,1,5,4,5,2,5,4,5,5,5,3,3,3,4,5,4,5,5,5,3,3,Feminino,19,Amarelo,Sem companheiro(a),1500,5,Saúde
156,5,5,5,5,5,5,5,4,4,5,5,5,5,2,4,5,5,1,4,2,4,5,5,5,4,5,1,1,1,1,1,1,1,1,1,1,5,1,1,1,4,5,5,5,5,1,2,4,4,3,3,4,4,4,3,4,3,4,4,4,Feminino,21,Amarelo,Sem companheiro(a),2000,5,"Ciências Sociais, artes e educação"
157,3,4,3,2,5,5,5,5,5,5,4,5,3,4,4,5,4,2,4,1,4,3,3,3,2,5,5,1,4,5,1,2,3,1,3,2,2,5,4,2,3,2,3,4,3,1,3,3,2,3,3,4,4,5,5,4,4,3,4,4,Masculino,19,Branco,Sem companheiro(a),4000,5,Saúde
158,3,5,4,4,5,5,5,3,5,5,5,5,5,5,5,5,5,2,5,3,5,5,5,3,2,4,1,1,1,1,1,1,1,1,1,1,1,7,5,1,5,4,5,2,4,2,5,5,4,5,2,3,3,5,3,1,3,5,1,2,Feminino,24,Pardo,Sem companheiro(a),1800,2,Saúde
159,2,4,4,1,3,4,1,5,5,3,4,4,3,3,3,3,2,2,3,2,5,4,4,3,3,3,1,1,2,2,1,1,3,1,1,1,3,4,4,1,2,5,4,4,2,1,2,2,2,4,3,3,3,3,3,3,4,2,3,3,Feminino,31,Pardo,Sem companheiro(a),2000,3,Saúde
160,3,4,5,4,4,5,4,5,5,5,4,3,4,3,4,3,4,2,3,3,4,5,3,3,4,5,1,1,1,2,1,1,1,1,1,1,4,2,4,1,2,3,2,3,2,1,2,2,2,3,3,4,2,3,3,4,5,3,2,3,Feminino,23,Preto,Sem companheiro(a),3500,5,"Ciências Sociais, artes e educação"
161,2,4,4,2,4,5,3,5,5,4,3,2,2,1,4,3,3,1,3,1,4,5,5,4,2,3,1,1,1,1,1,1,1,1,1,1,1,1,1,1,2,4,4,3,4,3,4,3,2,2,3,3,3,3,4,3,5,3,3,3,Feminino,23,Preto,Sem companheiro(a),6000,7,"Ciências Sociais, artes e educação"
162,2,2,2,2,2,5,5,3,4,4,4,3,3,2,4,5,4,5,4,4,4,4,3,5,5,5,1,3,1,1,1,1,3,1,1,1,1,1,1,1,4,4,5,5,2,2,3,4,2,5,2,2,2,3,3,4,4,3,1,2,Feminino,18,Pardo,Sem companheiro(a),1000,3,"Ciências Sociais, artes e educação"
163,2,3,4,3,5,4,5,4,5,5,3,4,3,1,2,2,3,2,4,2,4,4,5,4,3,2,2,1,1,1,1,1,1,1,2,1,1,1,1,1,4,5,5,1,2,4,4,4,5,5,2,5,5,3,2,4,2,2,5,2,Masculino,23,Pardo,Sem companheiro(a),1500,4,Ciências exatas e biológicas
164,3,4,4,2,4,5,5,4,5,4,5,5,5,5,5,5,5,5,5,4,3,3,3,3,2,3,1,1,1,3,1,1,3,1,3,1,1,1,1,1,2,4,4,4,3,3,2,5,2,3,3,3,5,4,3,3,4,2,3,3,Feminino,20,Branco,Sem companheiro(a),3500,4,Ciências exatas e biológicas
165,2,2,2,2,5,5,3,5,5,5,5,4,4,5,5,4,5,2,3,3,3,3,3,3,5,3,1,2,1,1,1,1,1,2,1,1,1,4,2,1,5,5,5,5,5,2,3,3,4,5,1,1,5,3,1,1,3,1,1,3,Feminino,27,Branco,Sem companheiro(a),1500,3,Ciências exatas e biológicas
166,3,5,5,2,3,5,4,3,4,3,2,4,2,3,3,5,5,4,3,2,5,5,5,4,3,4,1,1,2,1,1,1,3,1,3,1,3,4,3,1,3,4,5,5,2,1,2,1,1,3,4,3,3,5,4,2,5,4,3,4,Feminino,25,Pardo,Sem companheiro(a),2000,4,Ciências exatas e biológicas
167,2,3,2,3,3,4,4,2,1,2,2,3,2,2,2,3,2,2,3,2,1,3,5,3,2,3,2,1,3,1,3,3,2,1,1,3,1,5,5,3,3,4,4,2,4,4,2,4,2,3,2,3,4,3,3,4,3,4,4,4,Masculino,24,Pardo,Sem companheiro(a),600,3,Ciências exatas e biológicas
168,4,4,4,3,5,4,3,5,5,5,4,2,4,4,4,5,5,2,4,2,5,3,3,4,5,4,1,1,2,1,1,1,1,1,2,1,2,2,1,1,2,4,3,2,3,1,2,3,2,2,3,3,3,4,4,4,5,4,3,4,Feminino,21,Pardo,Sem companheiro(a),1500,4,"Ciências Sociais, artes e educação"
169,4,4,1,4,5,5,4,2,4,3,1,3,1,3,2,4,3,3,2,1,5,3,3,3,2,5,4,3,2,2,2,2,2,2,1,2,3,6,6,2,3,5,5,1,2,3,4,3,1,4,4,3,4,5,3,2,5,4,2,3,Masculino,19,Pardo,Sem companheiro(a),4000,4,Ciências exatas e biológicas
170,3,4,5,4,4,4,3,5,5,5,4,5,4,3,4,5,5,3,5,3,5,4,3,3,2,5,1,1,1,1,1,1,1,7,1,2,2,5,2,2,3,5,5,4,5,5,4,4,2,4,3,3,4,3,2,2,3,2,4,3,Feminino,18,Pardo,Sem companheiro(a),5000,5,Ciências exatas e biológicas
171,3,3,4,3,4,5,5,5,5,4,5,4,5,4,5,5,5,4,4,4,4,2,5,3,2,5,1,1,2,3,1,1,2,1,2,1,1,4,4,1,5,4,4,3,3,2,3,5,4,3,2,2,3,3,2,2,2,2,2,3,Masculino,19,Branco,Sem companheiro(a),8000,4,Ciências exatas e biológicas
172,5,5,4,3,5,4,3,5,5,5,5,4,4,2,4,3,3,3,5,3,4,5,4,5,4,5,1,1,1,1,1,1,1,7,2,3,1,7,7,2,3,4,3,3,2,4,2,1,2,2,4,5,5,5,5,5,5,5,5,4,Masculino,18,Pardo,Sem companheiro(a),2000,3,"Ciências Sociais, artes e educação"
173,2,2,1,2,2,4,4,4,2,4,2,4,3,2,2,2,4,2,1,1,2,5,5,4,2,3,1,3,2,3,1,1,2,1,2,1,4,4,6,1,2,4,2,2,2,1,2,1,3,3,2,2,2,4,4,5,2,2,3,3,Masculino,19,Pardo,Sem companheiro(a),7000,5,Ciências exatas e biológicas
174,4,5,4,3,3,5,3,5,5,4,4,4,1,1,5,5,4,4,2,1,5,4,5,2,2,4,3,2,4,4,3,1,3,1,5,4,4,4,4,4,3,5,5,2,5,2,3,4,3,4,4,3,4,5,3,2,4,4,2,5,Feminino,18,Branco,Sem companheiro(a),5000,5,Ciências exatas e biológicas
175,1,4,3,3,2,5,4,5,5,5,4,4,2,2,4,4,5,2,4,1,4,4,5,4,3,4,1,1,1,1,1,1,2,1,1,1,1,4,1,1,3,5,5,3,3,2,3,2,4,4,4,3,3,5,3,3,4,4,3,5,Feminino,19,Branco,Sem companheiro(a),3500,4,Saúde
176,2,3,5,3,3,5,3,3,4,3,3,3,2,5,5,5,5,3,2,3,2,5,3,4,3,3,3,6,6,5,3,5,7,3,4,4,4,4,4,6,2,3,2,3,4,3,3,3,4,3,2,2,4,4,4,3,3,3,3,3,Masculino,20,Preto,Sem companheiro(a),998,2,Ciências exatas e biológicas
177,4,2,2,2,3,4,3,4,3,3,4,4,2,2,2,4,3,1,3,2,4,3,5,3,4,3,2,1,1,1,1,1,2,1,1,4,2,1,4,4,2,5,3,1,4,2,2,2,3,2,4,4,5,3,4,3,3,4,5,4,Masculino,19,Pardo,Sem companheiro(a),1200,4,"Ciências Sociais, artes e educação"
178,5,5,5,4,5,5,5,5,5,4,4,5,5,5,5,3,5,2,5,4,5,4,5,4,5,5,1,1,2,5,1,1,2,1,4,1,1,1,1,1,5,5,5,4,4,4,5,5,4,5,4,4,3,3,2,4,4,4,4,4,Feminino,19,Pardo,Sem companheiro(a),2500,3,Ciências exatas e biológicas
179,3,4,4,3,4,2,4,3,4,3,4,2,4,4,4,4,4,2,3,2,5,5,5,5,5,5,1,1,1,2,1,1,4,2,2,1,1,2,1,1,3,4,3,4,2,1,2,2,1,2,4,3,5,5,5,2,3,3,3,3,Feminino,19,Branco,Sem companheiro(a),11000,4,Ciências exatas e biológicas
180,4,4,5,3,5,5,3,4,4,3,4,4,4,2,5,3,4,2,4,3,4,4,3,4,3,4,1,1,3,1,1,2,2,1,3,1,1,2,1,1,4,4,3,3,3,2,2,2,2,2,3,3,5,4,5,3,4,4,4,5,Feminino,18,Branco,Sem companheiro(a),1489,2,Ciências exatas e biológicas
181,4,5,5,4,3,5,5,3,4,4,4,4,4,3,4,5,5,3,3,3,4,3,4,3,4,4,1,1,1,4,1,1,3,1,2,4,2,6,4,4,3,4,4,5,5,3,4,4,1,4,2,3,3,4,3,2,5,3,2,3,Masculino,19,Pardo,Sem companheiro(a),980,3,"Ciências Sociais, artes e educação"
182,5,5,5,3,5,4,4,4,5,5,4,4,4,2,3,3,2,1,2,1,5,4,5,5,5,5,1,1,1,1,1,1,7,1,2,1,1,1,1,1,2,2,3,2,3,2,2,3,1,2,4,4,3,4,4,4,4,3,3,4,Masculino,26,Pardo,Sem companheiro(a),1700,3,"Ciências Sociais, artes e educação"
183,3,4,5,2,4,5,2,5,5,3,4,5,4,3,3,4,4,2,3,3,5,4,4,3,2,3,1,1,2,1,1,1,1,1,1,1,1,1,2,1,4,5,3,5,3,2,3,3,3,2,2,2,3,5,5,4,4,4,3,4,Feminino,18,Branco,Sem companheiro(a),6000,4,"Ciências Sociais, artes e educação"
184,5,5,5,4,5,5,5,5,5,5,5,5,5,4,5,5,5,4,5,5,3,5,3,5,5,5,2,3,5,7,1,1,4,7,4,7,7,7,1,7,5,5,5,5,5,5,3,5,5,5,3,3,3,5,5,4,5,4,3,2,Masculino,18,Preto,Sem companheiro(a),900,2,"Ciências Sociais, artes e educação"
185,3,5,4,3,3,5,5,4,4,5,4,4,3,2,5,3,5,1,5,2,5,4,5,5,5,5,4,2,3,3,4,1,5,3,4,4,4,4,4,4,5,5,5,5,3,5,5,3,3,4,3,2,4,5,4,4,4,4,5,4,Feminino,20,Pardo,Sem companheiro(a),990,3,"Ciências Sociais, artes e educação"
186,4,4,5,5,5,5,5,4,5,5,4,4,4,4,3,5,4,4,5,4,4,4,3,4,5,5,2,2,3,3,1,1,2,1,4,2,3,2,2,2,4,5,5,5,3,1,2,2,4,4,1,2,3,4,2,1,4,1,1,2,Feminino,20,Pardo,Sem companheiro(a),400,3,"Ciências Sociais, artes e educação"
187,5,5,5,4,5,4,5,4,5,5,5,5,4,4,4,3,2,1,1,1,5,4,4,4,5,5,1,1,1,1,1,1,2,1,1,1,1,2,1,1,2,3,2,1,2,1,1,1,2,1,4,3,4,5,5,5,2,4,2,5,Feminino,19,Branco,Sem companheiro(a),5000,2,"Ciências Sociais, artes e educação"
188,3,2,2,1,4,4,4,4,5,3,3,3,2,1,2,3,2,3,2,2,4,4,4,4,4,4,3,4,4,5,3,4,3,2,7,4,4,4,5,4,3,4,4,3,3,2,2,3,2,4,2,2,2,2,4,3,3,3,2,4,Masculino,19,Pardo,Sem companheiro(a),1600,4,Ciências exatas e biológicas
189,2,5,3,3,5,5,1,4,4,4,3,2,3,1,1,1,2,1,1,2,5,5,3,5,1,4,1,1,1,1,1,1,1,1,1,1,1,4,3,1,4,5,5,5,2,1,1,1,5,5,2,2,1,5,3,5,5,1,3,2,Masculino,20,Pardo,Sem companheiro(a),800,4,Ciências exatas e biológicas
190,1,4,3,1,5,3,1,5,5,5,5,5,5,3,4,5,5,3,2,1,4,5,5,5,5,5,1,1,1,1,1,1,1,1,1,1,1,1,1,1,3,5,5,4,3,1,5,2,2,5,3,3,4,4,3,4,4,3,4,3,Masculino,32,Branco,Sem companheiro(a),6300,3,"Ciências Sociais, artes e educação"
191,4,4,5,4,4,4,4,5,5,5,4,5,4,3,5,4,4,2,2,2,4,4,3,5,3,4,1,1,3,1,1,1,2,1,2,1,2,2,1,1,3,5,5,5,3,2,5,3,5,5,4,3,5,5,4,3,4,4,3,4,Feminino,18,Pardo,Sem companheiro(a),2000,4,"Ciências Sociais, artes e educação"
192,5,4,5,5,4,5,5,4,4,4,3,4,4,3,3,2,3,1,3,3,4,4,5,4,4,4,1,1,1,1,1,1,3,1,1,1,4,6,5,1,4,5,5,5,4,3,5,4,5,4,2,3,3,4,3,2,3,2,3,1,Masculino,18,Branco,Sem companheiro(a),6000,4,"Ciências Sociais, artes e educação"
193,5,5,5,5,5,5,5,5,5,5,5,5,4,3,4,5,5,3,5,4,5,5,4,5,4,5,1,1,1,1,1,1,1,1,1,1,1,1,1,1,5,5,5,4,2,1,2,2,1,4,2,2,3,3,3,2,3,2,2,3,Masculino,20,Branco,Sem companheiro(a),3000,6,"Ciências Sociais, artes e educação"
194,2,4,5,3,4,5,3,5,5,4,5,2,4,2,5,5,5,4,4,2,4,4,5,3,2,3,1,1,1,1,1,1,2,1,3,4,2,5,4,4,3,5,4,4,3,3,5,5,3,2,2,4,3,4,4,4,3,2,3,4,Masculino,20,Preto,Sem companheiro(a),6000,2,Ciências exatas e biológicas
195,2,4,5,2,4,5,4,4,4,5,4,4,3,5,4,5,3,3,4,3,5,4,4,4,3,4,2,1,1,2,2,1,1,2,2,1,1,3,5,2,4,5,5,4,3,1,4,3,2,2,3,2,5,3,5,4,3,4,2,5,Masculino,19,Pardo,Sem companheiro(a),9000,4,Ciências exatas e biológicas
196,4,5,5,4,5,5,2,5,5,4,4,4,4,3,5,5,5,3,4,3,5,4,5,4,4,5,1,1,1,1,1,1,3,1,2,2,1,7,2,2,4,5,5,4,4,1,4,2,4,3,2,2,3,5,4,3,2,3,2,4,Feminino,19,Branco,Sem companheiro(a),10000,6,Ciências exatas e biológicas
197,4,4,4,3,4,5,3,4,5,5,5,5,5,3,5,5,5,5,2,2,5,3,2,2,5,3,1,1,1,1,1,1,1,1,1,1,1,1,1,1,5,4,5,4,5,2,4,5,1,4,3,2,2,4,2,2,5,3,4,2,Feminino,58,Branco,Sem companheiro(a),5600,2,"Ciências Sociais, artes e educação"
198,2,2,1,1,3,3,4,4,5,4,4,4,2,1,2,2,3,2,1,1,5,5,5,5,3,4,1,1,1,1,1,1,1,1,4,1,1,5,1,1,2,4,3,3,1,1,1,2,1,2,2,3,2,2,4,3,3,4,2,4,Masculino,24,Indígena,Sem companheiro(a),6000,3,Ciências exatas e biológicas
199,5,5,4,3,3,3,3,4,5,4,3,3,3,2,4,3,3,2,3,2,4,3,4,3,3,3,1,4,3,4,1,1,4,1,3,1,1,1,1,1,3,3,3,4,4,3,4,3,4,3,4,4,4,4,4,4,4,4,4,4,Feminino,23,Branco,Sem companheiro(a),2000,4,"Ciências Sociais, artes e educação"
200,2,5,4,2,1,2,2,1,4,3,5,2,2,2,2,2,3,2,2,2,5,5,4,5,2,3,4,4,7,5,6,3,5,4,4,3,1,6,6,3,1,2,4,3,1,4,2,2,1,1,5,4,5,5,5,5,4,2,5,4,Masculino,25,Pardo,Sem companheiro(a),5000,3,Ciências exatas e biológicas
201,5,5,5,4,5,5,5,4,5,5,5,5,5,5,5,5,5,3,5,4,5,4,4,5,5,5,1,1,3,1,1,1,2,1,2,1,1,7,1,1,5,5,5,5,3,1,2,3,1,5,1,2,1,3,4,2,5,1,1,3,Masculino,20,Branco,Sem companheiro(a),1500,4,Ciências exatas e biológicas
202,3,3,3,3,3,5,4,4,4,4,3,3,3,4,4,4,4,3,3,1,3,4,2,4,3,4,1,2,1,1,1,1,2,1,1,1,1,1,1,1,4,5,5,4,4,5,4,4,1,4,3,3,4,5,4,3,4,3,3,4,Feminino,20,Pardo,Sem companheiro(a),3000,4,Ciências exatas e biológicas
203,4,5,4,3,4,5,4,5,5,5,5,5,5,5,5,3,3,1,2,1,4,4,5,4,5,5,3,2,4,3,2,3,3,2,1,4,1,4,5,4,4,5,5,4,4,4,5,4,4,5,2,4,3,4,2,5,4,4,4,2,Feminino,20,Pardo,Sem companheiro(a),3400,6,Ciências exatas e biológicas
204,4,4,4,3,5,5,4,4,5,4,2,4,2,1,2,3,4,2,4,3,5,5,4,5,5,4,1,1,2,1,1,1,1,1,1,1,1,1,1,1,3,5,4,1,2,1,1,1,1,4,3,3,3,4,3,2,2,3,2,3,Masculino,21,Pardo,Sem companheiro(a),3000,3,"Ciências Sociais, artes e educação"
205,5,4,5,3,3,4,4,5,5,4,4,2,4,2,3,3,4,2,2,3,4,3,3,3,4,4,1,1,1,1,1,1,3,1,2,1,1,2,1,1,3,3,3,1,3,2,2,2,2,1,4,4,4,5,5,5,4,4,3,5,Feminino,20,Pardo,Sem companheiro(a),4000,4,"Ciências Sociais, artes e educação"
206,3,2,5,5,5,4,4,5,5,5,4,4,5,5,3,4,3,2,3,2,4,4,4,4,3,4,2,5,5,6,2,2,5,2,4,5,5,7,6,4,3,5,5,5,3,4,5,3,5,5,2,3,4,5,3,3,5,3,3,3,Feminino,20,Pardo,Sem companheiro(a),2500,6,"Ciências Sociais, artes e educação"
207,4,5,5,4,2,5,4,4,5,5,4,4,3,3,5,4,4,3,4,3,5,4,4,5,5,4,1,1,3,1,1,1,3,1,3,1,3,7,3,1,3,5,5,4,3,4,5,5,4,5,2,3,4,5,4,4,5,4,4,4,Feminino,18,Pardo,Sem companheiro(a),600,3,Ciências exatas e biológicas
208,5,5,5,5,5,5,5,5,5,5,5,5,5,5,5,5,4,3,3,5,4,4,3,4,4,5,1,1,1,1,1,1,1,1,1,1,1,2,1,1,2,5,3,4,3,2,3,3,2,2,4,4,3,4,4,3,4,4,3,5,Feminino,18,Pardo,Sem companheiro(a),1500,3,"Ciências Sociais, artes e educação"
209,1,2,3,3,3,4,4,5,5,5,4,4,4,5,4,5,4,4,4,3,3,4,2,3,5,4,1,1,1,1,2,1,1,1,1,7,5,5,4,1,4,5,5,4,2,3,4,5,2,4,2,3,4,4,2,3,4,4,4,3,Masculino,18,Pardo,Sem companheiro(a),998,3,"Ciências Sociais, artes e educação"
210,3,3,3,3,2,4,4,5,5,5,5,4,4,4,5,4,3,2,3,4,5,4,3,4,5,5,1,1,3,1,1,1,2,1,1,2,2,2,3,1,3,2,3,3,5,1,2,1,1,1,4,4,4,5,5,4,4,5,4,5,Feminino,18,Branco,Sem companheiro(a),4000,4,"Ciências Sociais, artes e educação"
211,3,3,3,3,3,3,3,4,5,5,4,4,3,2,4,5,2,1,3,1,5,4,5,5,4,5,2,1,2,2,1,2,3,1,4,1,2,4,2,1,3,3,2,2,2,3,2,2,2,1,4,4,5,4,4,4,4,5,4,4,Masculino,18,Pardo,Sem companheiro(a),7000,5,"Ciências Sociais, artes e educação"
212,4,2,2,4,2,5,5,5,5,5,5,5,4,3,3,3,3,4,5,4,5,5,5,5,5,5,2,1,2,1,1,1,7,1,6,2,2,7,3,3,4,2,4,1,2,4,1,4,1,3,3,3,5,4,4,2,5,3,3,4,Feminino,18,Pardo,Sem companheiro(a),2500,4,"Ciências Sociais, artes e educação"
213,2,3,4,3,3,3,3,3,4,4,4,3,3,2,4,4,4,3,3,3,3,4,3,4,3,3,2,2,2,5,2,2,2,1,2,4,3,4,4,1,3,3,3,2,2,2,2,2,2,3,3,4,3,3,3,3,2,3,3,3,Masculino,23,Pardo,Sem companheiro(a),1000,5,Ciências exatas e biológicas
214,3,3,4,3,5,5,5,4,5,4,4,4,3,3,5,5,5,4,4,4,3,4,5,3,4,3,2,5,5,7,2,2,4,2,6,2,1,4,3,2,4,4,4,5,4,3,4,3,3,4,2,2,3,4,3,3,3,5,3,2,Masculino,24,Pardo,Sem companheiro(a),998,3,Ciências exatas e biológicas
215,2,3,2,2,1,1,2,1,2,2,2,2,2,2,1,1,2,2,2,2,2,4,1,3,1,1,1,2,3,4,2,1,3,1,3,1,2,2,3,1,5,4,5,3,4,3,2,3,2,3,2,2,2,2,3,1,3,1,1,3,Masculino,19,Branco,Sem companheiro(a),8000,4,Ciências exatas e biológicas
216,2,2,1,2,2,4,1,3,4,3,2,4,2,2,2,4,3,3,2,3,3,5,5,3,3,2,4,1,4,3,2,3,3,7,3,1,1,1,1,1,3,3,3,5,2,3,2,2,3,3,3,4,4,5,4,4,4,3,5,3,Masculino,23,Pardo,Sem companheiro(a),5000,4,Ciências exatas e biológicas
217,4,5,5,3,5,5,2,5,5,5,4,5,4,4,3,3,4,3,2,2,3,2,3,3,2,4,1,1,1,1,1,1,3,1,3,1,4,7,1,1,4,4,4,2,4,2,2,4,1,4,3,5,4,2,3,4,4,2,4,3,Feminino,19,Pardo,Sem companheiro(a),3000,3,"Ciências Sociais, artes e educação"
218,3,3,4,3,4,5,5,4,5,4,4,4,4,2,5,3,3,2,3,3,5,4,4,4,5,5,1,1,1,1,1,1,1,1,1,1,1,2,1,1,3,4,4,5,3,4,3,2,2,3,2,2,3,4,3,2,4,1,2,3,Feminino,19,Branco,Sem companheiro(a),4000,4,"Ciências Sociais, artes e educação"
219,4,4,5,3,5,5,4,4,5,5,4,4,4,4,4,2,3,1,4,1,4,4,4,4,4,5,1,1,1,1,1,1,1,1,1,1,1,1,1,1,3,4,4,3,2,2,2,3,2,4,3,3,3,3,3,2,4,3,3,3,Feminino,21,Branco,Sem companheiro(a),2000,4,"Ciências Sociais, artes e educação"
220,5,5,5,4,5,5,3,5,5,5,5,3,4,2,4,4,4,2,2,1,5,4,5,3,2,5,1,1,1,1,1,1,1,1,1,1,1,1,1,1,3,4,5,3,2,2,3,2,2,3,2,3,3,4,3,3,3,2,3,4,Feminino,19,Branco,Sem companheiro(a),2500,4,"Ciências Sociais, artes e educação"
221,3,2,3,2,2,5,3,4,5,4,4,4,3,2,1,4,4,2,2,1,4,5,4,5,3,4,1,1,1,1,1,1,1,1,2,1,1,1,1,1,3,5,3,5,1,3,4,2,2,5,1,1,3,2,1,1,2,1,3,1,Masculino,21,Pardo,Sem companheiro(a),2000,4,"Ciências Sociais, artes e educação"
222,4,5,5,5,5,4,4,4,4,4,3,3,3,2,5,5,4,4,5,2,2,4,4,4,2,3,1,1,4,1,1,1,2,1,2,1,2,5,4,2,4,5,5,2,3,4,4,4,4,5,2,1,4,2,2,3,3,3,3,4,Feminino,19,Pardo,Sem companheiro(a),20000,5,"Ciências Sociais, artes e educação"
223,3,4,4,2,5,4,2,5,3,3,4,2,2,5,3,5,4,2,3,3,4,5,5,4,4,5,1,1,1,1,1,1,1,1,1,1,1,1,1,1,4,5,5,1,3,2,2,2,2,4,2,3,3,5,4,3,3,5,3,4,Feminino,20,Preto,Sem companheiro(a),1300,1,"Ciências Sociais, artes e educação"
224,4,4,4,3,4,4,5,4,5,4,4,4,3,2,3,3,3,2,4,2,4,4,5,4,5,5,1,1,2,1,1,1,1,1,1,1,1,2,1,1,3,4,4,4,2,1,3,2,2,2,4,3,3,4,4,4,5,4,4,4,Feminino,21,Pardo,Sem companheiro(a),8000,3,"Ciências Sociais, artes e educação"
225,3,5,5,3,4,5,3,5,5,5,4,4,5,5,5,5,4,4,4,4,4,4,4,4,5,4,1,1,1,1,1,1,2,1,1,1,1,1,1,1,3,5,5,1,2,2,2,3,2,5,3,3,3,5,3,2,5,3,3,4,Feminino,18,Branco,Sem companheiro(a),10000,5,"Ciências Sociais, artes e educação"
226,5,5,5,5,5,5,5,4,4,4,4,4,4,2,3,1,3,1,2,2,2,3,3,4,2,3,1,1,1,1,1,1,1,1,1,1,1,1,1,1,3,5,4,2,2,1,4,1,1,2,4,3,3,5,3,4,4,5,2,5,Feminino,19,Branco,Sem companheiro(a),17000,2,"Ciências Sociais, artes e educação"
227,5,5,5,4,4,5,4,5,5,5,4,5,5,5,5,5,5,5,4,4,5,5,4,5,5,4,1,1,1,1,1,1,1,1,5,1,5,1,2,1,5,5,5,3,3,3,2,4,1,2,2,2,4,3,2,3,1,2,2,4,Feminino,19,Branco,Sem companheiro(a),5000,3,"Ciências Sociais, artes e educação"
228,3,3,3,2,3,5,4,5,4,5,4,3,4,2,3,2,3,1,1,2,5,4,5,5,5,5,1,1,1,1,1,1,1,1,3,1,1,1,1,1,2,4,4,4,2,3,2,2,1,2,4,5,3,4,5,3,4,2,3,3,Masculino,22,Branco,Sem companheiro(a),5000,4,"Ciências Sociais, artes e educação"
229,5,4,5,4,4,5,4,3,4,5,5,4,5,2,5,5,5,5,5,2,4,5,5,4,4,4,1,1,2,1,1,1,1,1,1,1,1,6,3,1,3,4,4,4,5,4,5,3,3,2,3,3,3,4,4,3,5,2,3,4,Feminino,29,Pardo,Sem companheiro(a),1500,4,"Ciências Sociais, artes e educação"
230,2,5,4,2,4,4,4,4,5,5,5,4,4,1,4,4,5,2,4,2,2,5,4,1,4,5,1,2,2,4,5,2,2,1,5,5,1,7,4,4,3,5,5,1,3,1,4,3,2,3,4,2,5,4,4,5,5,5,4,4,Feminino,43,Pardo,Com companheiro(a),2994,3,"Ciências Sociais, artes e educação"
231,1,5,5,3,5,5,3,3,5,5,5,5,5,5,5,4,5,4,5,4,4,5,3,4,4,5,1,1,3,6,1,1,1,1,2,4,4,1,4,4,5,5,5,5,5,5,5,5,5,5,2,1,2,1,2,1,3,1,2,3,Feminino,23,Pardo,Sem companheiro(a),400,2,Saúde
232,1,3,4,2,4,5,4,3,4,4,3,2,4,2,5,5,5,1,5,2,2,5,5,5,5,4,1,3,2,5,1,2,2,1,5,2,2,2,3,1,2,3,5,3,2,3,4,2,3,4,2,2,1,3,3,2,3,2,1,3,Feminino,21,Pardo,Sem companheiro(a),8000,4,"Ciências Sociais, artes e educação"
233,4,5,4,2,5,5,3,5,5,5,5,5,4,3,2,3,3,2,2,1,3,5,3,5,2,5,1,1,1,4,1,1,2,1,1,2,2,4,2,1,3,3,3,2,2,2,3,3,2,3,4,3,4,4,4,4,5,4,4,4,Masculino,26,Branco,Sem companheiro(a),6000,6,"Ciências Sociais, artes e educação"
234,2,3,4,2,2,5,5,5,5,5,5,4,5,4,5,4,5,2,5,3,4,5,4,3,4,5,1,1,3,2,1,1,1,1,2,4,5,5,2,2,4,5,5,4,3,5,3,5,2,4,2,4,4,4,3,3,5,4,5,3,Feminino,22,Pardo,Sem companheiro(a),1700,4,"Ciências Sociais, artes e educação"
235,3,3,3,3,1,5,3,5,5,4,4,5,5,2,4,4,5,1,3,1,4,4,4,4,3,5,2,2,4,2,1,1,2,1,6,7,7,7,7,7,3,4,4,4,3,5,4,4,3,4,3,3,3,3,2,2,1,3,3,3,Masculino,24,Branco,Sem companheiro(a),1500,4,"Ciências Sociais, artes e educação"
236,3,4,5,4,5,5,4,4,5,4,4,4,4,4,3,4,4,1,4,1,4,4,5,4,5,4,1,1,4,7,1,1,1,1,5,4,4,4,4,1,2,3,3,3,3,2,1,3,2,1,4,4,3,4,4,5,4,4,5,5,Masculino,24,Pardo,Sem companheiro(a),7000,4,"Ciências Sociais, artes e educação"
237,3,5,3,4,5,4,2,5,4,4,4,3,2,2,4,5,4,4,4,2,5,3,4,4,3,4,1,1,3,1,1,1,2,1,5,5,1,3,5,3,2,5,4,5,3,2,5,4,3,4,1,4,4,4,2,4,2,1,4,3,Masculino,27,Pardo,Sem companheiro(a),980,2,"Ciências Sociais, artes e educação"
238,4,5,5,4,3,5,4,4,4,4,4,4,4,3,5,4,4,2,3,3,4,4,4,4,4,5,1,1,1,1,1,1,1,1,1,1,1,1,1,1,4,4,4,2,3,3,2,3,4,3,3,5,4,4,3,4,5,5,3,4,Feminino,22,Branco,Sem companheiro(a),2500,4,"Ciências Sociais, artes e educação"
239,1,3,4,4,5,5,4,5,5,4,5,5,5,3,3,5,5,4,5,4,4,2,3,3,2,5,1,1,3,1,1,1,2,1,2,1,2,1,2,1,4,5,5,4,4,3,5,5,3,5,1,1,4,3,2,4,3,4,3,3,Feminino,20,Pardo,Com companheiro(a),1000,2,"Ciências Sociais, artes e educação"
240,5,5,5,4,5,5,5,5,5,5,5,5,4,5,5,5,5,3,5,2,5,4,5,4,5,5,1,1,1,3,1,1,3,1,3,1,1,2,1,1,4,4,5,4,4,4,4,4,3,4,2,3,2,2,2,2,3,2,3,2,Masculino,42,Pardo,Sem companheiro(a),998,2,"Ciências Sociais, artes e educação"
241,4,5,5,3,5,5,4,5,5,4,5,5,4,5,4,3,3,1,4,3,4,4,4,4,4,4,1,1,1,1,1,1,2,1,1,1,1,1,2,1,2,4,3,5,2,1,3,2,2,3,4,3,4,5,4,4,4,4,3,4,Feminino,20,Pardo,Sem companheiro(a),5900,5,"Ciências Sociais, artes e educação"
242,4,4,2,1,3,5,5,4,3,4,2,4,2,2,5,5,4,2,5,1,3,5,2,5,2,3,1,1,1,1,1,1,7,1,1,3,1,1,3,1,4,5,5,4,3,1,2,5,5,4,3,2,3,3,2,2,2,3,1,1,Masculino,23,Branco,Sem companheiro(a),2000,3,"Ciências Sociais, artes e educação"
244,4,4,4,5,5,4,4,5,5,4,4,3,5,4,5,5,5,1,5,3,4,3,5,4,3,3,1,5,1,2,2,3,2,1,2,2,3,4,2,1,3,5,5,3,5,4,5,5,4,5,2,2,4,4,2,3,1,2,3,2,Feminino,44,Pardo,Com companheiro(a),1800,2,"Ciências Sociais, artes e educação"
245,5,4,4,3,3,5,4,5,5,5,5,5,4,4,4,5,4,3,3,4,5,4,5,4,5,5,1,1,1,1,1,1,1,1,1,1,1,1,1,1,3,3,3,5,3,2,1,3,4,3,4,4,4,5,4,4,5,3,4,3,Masculino,21,Pardo,Sem companheiro(a),998,2,"Ciências Sociais, artes e educação"
246,4,5,4,4,5,5,4,5,5,5,5,5,5,4,3,1,4,1,2,3,5,2,5,3,2,5,1,1,1,1,1,1,1,1,1,1,1,1,1,1,3,5,5,2,4,4,4,4,3,4,4,4,3,3,3,5,5,3,4,3,Feminino,19,Branco,Sem companheiro(a),11000,5,"Ciências Sociais, artes e educação"
247,3,4,3,2,5,5,3,3,4,4,4,4,3,4,3,4,3,4,4,1,3,4,3,3,3,4,1,2,4,5,1,1,2,1,1,1,1,1,1,1,4,5,5,1,2,2,3,3,1,5,2,3,3,3,2,3,3,3,3,2,Masculino,20,Branco,Sem companheiro(a),1500,2,"Ciências Sociais, artes e educação"
248,4,5,4,2,5,5,5,4,5,4,4,4,2,4,5,5,5,5,5,4,3,2,2,2,5,4,2,1,1,3,1,1,1,1,3,3,2,1,3,3,4,5,4,4,4,2,5,4,4,4,2,2,3,4,2,3,3,2,1,3,Feminino,19,Branco,Sem companheiro(a),5500,3,"Ciências Sociais, artes e educação"
250,5,5,5,5,5,5,5,5,4,4,4,4,5,5,5,5,5,3,5,4,4,4,5,4,3,5,1,1,1,7,1,1,2,1,1,1,1,1,1,1,4,5,5,5,3,2,4,5,4,5,1,2,4,5,3,5,4,1,2,3,Feminino,18,Pardo,Sem companheiro(a),1200,2,"Ciências Sociais, artes e educação"
251,5,3,2,2,5,3,1,5,4,2,1,1,2,1,3,3,3,1,2,1,3,3,2,3,2,2,1,1,1,2,1,1,1,1,6,1,1,1,1,1,4,5,5,2,2,2,1,2,1,2,3,5,5,5,3,4,3,5,4,4,Masculino,19,Preto,Sem companheiro(a),500,4,"Ciências Sociais, artes e educação"
252,5,5,5,5,5,5,5,4,4,4,4,4,4,3,2,3,3,2,4,2,4,4,5,4,4,4,1,1,1,1,1,1,1,1,1,1,6,1,1,1,2,5,5,5,4,5,4,4,5,4,2,4,3,4,3,4,4,2,5,2,Feminino,20,Preto,Sem companheiro(a),300,1,"Ciências Sociais, artes e educação"
253,3,3,2,2,2,4,2,2,4,4,3,3,3,2,2,4,5,2,4,1,3,3,2,5,1,2,1,1,1,1,1,1,1,1,1,1,1,1,3,1,4,3,4,5,5,3,4,5,3,3,2,2,2,3,2,2,3,2,2,3,Masculino,26,Branco,Sem companheiro(a),4000,4,"Ciências Sociais, artes e educação"
254,5,3,4,3,5,4,3,4,5,4,4,3,3,5,3,3,3,2,3,4,5,5,3,3,2,3,1,1,1,1,1,1,1,1,1,1,1,1,1,1,3,4,3,1,3,3,2,3,3,3,3,3,3,3,4,4,3,3,3,3,Masculino,26,Pardo,Sem companheiro(a),3000,3,"Ciências Sociais, artes e educação"
255,1,2,2,2,1,3,3,2,3,2,1,2,1,1,3,1,2,2,1,1,2,3,2,3,1,4,1,2,2,3,2,2,1,7,1,2,2,3,5,2,2,4,4,4,2,5,4,4,3,3,2,3,3,2,2,3,2,2,3,2,Masculino,22,Pardo,Sem companheiro(a),998,4,"Ciências Sociais, artes e educação"
256,3,3,4,2,4,5,2,4,5,4,3,3,3,3,5,5,3,2,3,1,4,4,3,4,2,5,2,1,1,2,2,1,2,1,2,1,3,2,1,1,2,4,3,3,2,1,2,2,2,1,3,4,4,4,3,3,3,3,4,3,Masculino,18,Branco,Sem companheiro(a),4500,3,"Ciências Sociais, artes e educação"
257,2,4,5,3,5,4,3,3,4,3,4,4,4,4,4,4,5,2,4,3,3,3,3,3,3,4,1,1,3,4,1,1,4,1,6,1,1,4,1,1,4,4,5,3,2,3,3,3,3,4,3,2,3,2,3,3,3,3,3,3,Feminino,19,Pardo,Sem companheiro(a),1000,3,"Ciências Sociais, artes e educação"
258,3,5,3,1,3,2,3,5,5,5,3,3,3,4,5,1,3,1,5,1,5,3,2,3,3,3,1,1,1,1,1,1,3,1,4,1,1,1,1,1,1,5,4,2,4,2,3,3,1,3,4,5,4,3,3,5,5,5,5,3,Feminino,28,Branco,Sem companheiro(a),4000,4,"Ciências Sociais, artes e educação"
259,5,5,5,5,5,5,5,4,5,4,4,5,5,5,3,4,4,3,5,2,3,5,4,5,4,5,1,1,1,1,1,1,1,1,1,1,1,1,1,1,5,5,5,5,4,1,5,3,3,2,2,3,3,5,4,3,4,2,2,4,Feminino,19,Pardo,Sem companheiro(a),8000,4,"Ciências Sociais, artes e educação"
260,2,5,5,4,4,5,4,5,5,5,5,4,4,3,5,4,5,2,4,3,4,3,3,4,4,4,1,1,2,1,1,1,3,1,1,4,1,1,3,1,5,5,5,3,3,2,4,3,5,5,2,3,4,4,3,2,3,1,3,3,Feminino,19,Pardo,Sem companheiro(a),10000,4,"Ciências Sociais, artes e educação"
261,5,5,4,4,4,3,4,5,5,4,4,5,3,3,3,3,4,3,4,3,5,5,5,3,4,4,1,1,2,1,1,1,1,1,1,1,1,2,1,1,3,5,3,2,1,1,3,2,2,2,3,2,4,5,4,3,5,4,3,4,Masculino,21,Pardo,Sem companheiro(a),1000,6,"Ciências Sociais, artes e educação"
262,4,5,5,5,5,3,3,5,5,4,4,2,3,5,3,3,5,2,4,3,5,4,3,5,3,4,1,1,2,1,1,1,2,1,1,1,2,1,2,1,3,5,3,5,1,1,2,2,3,3,4,3,3,5,5,3,2,4,3,4,Masculino,21,Preto,Sem companheiro(a),2500,4,"Ciências Sociais, artes e educação"
263,5,5,5,4,4,5,4,5,5,5,4,5,4,4,5,5,5,2,2,2,5,5,5,4,4,4,1,1,3,1,1,1,1,1,4,1,5,1,1,1,4,5,5,3,3,1,4,2,2,3,4,4,3,4,4,3,3,3,4,4,Masculino,28,Pardo,Sem companheiro(a),2438,3,"Ciências Sociais, artes e educação"
264,1,3,2,4,5,5,3,5,4,5,5,3,3,3,5,5,4,3,3,2,4,5,5,5,5,5,1,1,1,1,1,1,2,1,1,1,1,1,1,1,4,4,4,1,3,1,2,2,2,3,3,3,3,3,5,3,5,4,3,5,Feminino,19,Pardo,Sem companheiro(a),2994,3,"Ciências Sociais, artes e educação"
265,4,5,5,3,5,5,5,4,4,4,4,4,3,1,3,5,4,3,5,1,5,2,2,3,4,5,1,1,1,1,1,1,1,1,1,1,3,4,3,1,4,5,5,3,4,1,4,4,2,4,3,3,2,4,4,2,5,4,2,3,Masculino,22,Pardo,Sem companheiro(a),1200,3,Saúde
266,4,4,4,3,4,2,5,5,5,5,5,4,5,5,5,5,4,2,2,2,4,5,4,5,4,5,1,1,1,1,1,1,2,1,2,3,3,1,4,3,3,4,4,3,4,2,3,3,2,2,3,4,5,3,3,5,5,3,3,5,Feminino,18,Pardo,Sem companheiro(a),1000,3,"Ciências Sociais, artes e educação"
267,4,4,5,4,5,4,4,4,4,4,4,4,4,4,4,3,3,2,3,3,4,3,3,4,2,4,1,1,2,3,1,1,2,1,2,1,1,2,3,1,2,4,4,3,4,1,3,2,2,4,3,3,3,3,2,3,4,3,3,3,Masculino,21,Pardo,Sem companheiro(a),998,3,"Ciências Sociais, artes e educação"
268,5,5,5,5,5,5,5,5,5,5,5,5,5,5,5,5,5,2,5,4,5,5,2,5,5,5,1,1,2,3,1,1,2,1,4,1,1,1,1,1,5,5,5,5,2,2,5,3,5,5,1,3,2,5,1,1,5,5,4,3,Masculino,25,Preto,Sem companheiro(a),400,3,"Ciências Sociais, artes e educação"
269,1,2,2,2,4,2,2,5,5,5,5,4,5,4,4,4,4,2,3,1,4,4,4,4,4,4,1,1,1,1,1,1,1,1,1,1,1,1,1,1,3,3,3,3,2,2,3,2,2,2,4,4,4,5,5,5,4,3,4,4,Masculino,38,Pardo,Com companheiro(a),4000,4,"Ciências Sociais, artes e educação"
270,3,5,3,3,4,5,3,5,5,5,4,5,2,1,2,4,4,2,4,2,2,4,5,4,2,3,1,1,1,2,1,1,2,1,2,1,1,1,2,1,2,5,3,2,3,2,3,2,2,3,4,4,4,5,5,4,5,4,3,5,Feminino,20,Branco,Sem companheiro(a),7000,5,"Ciências Sociais, artes e educação"
271,2,3,4,2,3,4,2,5,5,4,3,4,5,5,3,2,2,1,3,4,5,4,2,4,3,3,1,1,2,1,1,1,1,1,1,1,1,1,1,1,2,5,3,2,3,3,2,4,3,4,2,4,3,4,3,3,2,4,4,4,Feminino,19,Pardo,Sem companheiro(a),10000,4,"Ciências Sociais, artes e educação"
272,4,4,4,4,5,5,5,5,5,5,4,4,4,4,2,3,3,2,3,5,5,5,4,5,5,4,1,1,1,4,1,1,1,1,1,1,2,1,2,1,3,5,5,5,2,1,3,1,5,3,3,3,4,5,3,3,4,2,3,4,Masculino,20,Preto,Sem companheiro(a),1500,2,"Ciências Sociais, artes e educação"
273,3,3,3,3,4,5,4,5,4,3,4,3,4,4,4,4,3,3,4,3,3,3,3,3,2,3,1,2,2,2,1,1,2,1,2,2,2,2,2,1,3,4,4,4,3,2,3,4,2,4,3,2,2,4,3,3,2,4,2,2,Masculino,20,Branco,Sem companheiro(a),9000,3,"Ciências Sociais, artes e educação"
274,4,4,3,4,4,5,4,4,5,4,4,3,4,2,5,4,4,2,4,2,5,5,5,5,5,5,1,1,1,1,1,1,1,1,1,1,1,1,1,1,2,5,4,3,2,1,2,1,2,3,3,3,3,4,3,2,5,3,3,3,Masculino,23,Branco,Sem companheiro(a),10000,5,"Ciências Sociais, artes e educação"
275,5,5,5,4,5,5,4,5,5,5,4,4,3,1,1,1,2,1,2,1,3,4,5,3,3,4,1,1,2,1,1,1,1,1,1,1,1,7,3,1,3,5,5,5,3,3,5,2,2,4,1,3,4,3,3,4,5,3,4,3,Feminino,21,Pardo,Sem companheiro(a),6000,5,"Ciências Sociais, artes e educação"
276,4,5,3,4,4,5,2,5,4,4,3,3,3,3,5,5,5,4,5,2,4,3,3,3,2,3,1,1,2,1,1,1,1,1,1,1,1,1,1,1,3,4,5,5,4,4,5,5,4,3,2,1,3,5,4,2,3,2,1,4,Masculino,20,Branco,Sem companheiro(a),10000,3,"Ciências Sociais, artes e educação"
277,5,3,3,4,5,5,4,5,5,2,3,4,1,3,2,4,5,1,3,2,5,5,4,5,5,3,1,1,2,1,1,1,1,1,1,1,4,4,6,1,2,4,4,2,1,2,4,1,2,2,4,3,3,3,5,5,2,4,3,5,Masculino,20,Pardo,Sem companheiro(a),2000,3,"Ciências Sociais, artes e educação"
278,5,5,5,4,5,1,2,5,5,5,5,4,5,2,4,5,5,2,5,2,5,5,5,5,4,5,1,1,1,1,1,1,2,1,1,4,4,5,4,4,3,5,4,2,3,3,2,4,3,4,3,3,2,4,2,3,2,4,3,2,Masculino,40,Pardo,Com companheiro(a),7000,3,"Ciências Sociais, artes e educação"
279,5,5,5,4,4,4,5,4,5,4,4,3,4,2,3,4,3,3,4,1,3,4,2,4,2,4,1,1,1,5,1,1,1,1,3,1,4,1,2,1,3,5,4,3,5,4,4,5,3,5,3,3,2,5,2,2,4,2,2,3,Masculino,25,Pardo,Sem companheiro(a),1720,2,"Ciências Sociais, artes e educação"
280,1,4,3,3,4,5,5,4,4,4,4,4,3,3,5,5,4,2,2,2,5,5,5,4,4,4,1,4,3,1,1,1,4,1,6,1,1,1,1,1,2,2,2,2,3,4,2,2,1,2,4,3,4,4,4,4,4,5,3,5,Masculino,19,Pardo,Sem companheiro(a),3000,4,"Ciências Sociais, artes e educação"
281,4,4,4,3,4,5,4,4,5,5,4,4,3,2,5,5,4,2,2,1,5,5,4,4,4,5,1,1,2,1,1,1,2,1,1,4,2,4,3,3,2,4,4,4,3,1,1,2,3,5,2,3,4,2,2,3,4,3,3,2,Feminino,21,Branco,Sem companheiro(a),3500,5,"Ciências Sociais, artes e educação"
282,3,3,2,2,3,5,3,5,5,5,5,5,5,5,4,5,5,4,5,5,5,5,5,5,4,5,1,1,1,1,1,1,1,1,1,1,1,1,1,1,4,5,4,3,4,3,3,5,3,5,3,3,5,5,3,3,4,5,3,2,Feminino,24,Preto,Sem companheiro(a),2000,1,"Ciências Sociais, artes e educação"
283,4,4,4,3,5,3,3,4,5,4,4,4,4,4,4,4,4,2,3,2,4,3,4,4,3,4,1,1,1,1,1,1,1,1,1,1,1,1,1,1,3,5,4,3,3,2,4,3,3,2,3,4,5,4,4,4,4,3,3,4,Feminino,23,Branco,Sem companheiro(a),2500,5,"Ciências Sociais, artes e educação"
285,3,3,3,3,4,5,3,4,4,4,4,1,3,5,4,5,5,3,5,4,3,3,2,3,3,3,1,1,2,2,2,2,2,1,1,4,2,1,4,4,4,5,5,5,3,3,4,4,3,4,3,3,3,3,3,2,3,3,2,3,Masculino,21,Preto,Sem companheiro(a),900,3,"Ciências Sociais, artes e educação"
286,4,3,4,3,3,3,5,5,5,5,5,4,3,2,4,4,5,4,3,3,4,5,4,4,3,4,1,1,2,1,1,1,1,1,1,3,4,2,5,1,2,4,4,4,2,3,3,3,2,2,3,3,4,5,3,3,4,4,4,4,Masculino,22,Branco,Sem companheiro(a),4000,5,"Ciências Sociais, artes e educação"
287,2,4,3,3,3,5,5,3,5,4,4,4,5,2,3,4,4,3,2,3,3,3,3,4,1,3,2,1,2,1,1,1,3,1,4,1,1,2,2,1,1,4,1,2,3,4,4,5,5,2,3,3,5,5,3,5,3,4,4,4,Masculino,23,Branco,Sem companheiro(a),2000,4,"Ciências Sociais, artes e educação"
288,5,3,4,2,5,5,4,5,4,5,5,4,5,2,4,5,4,3,4,3,4,5,4,5,4,4,1,1,1,1,1,1,2,1,1,1,1,4,2,1,3,4,4,3,3,1,2,2,2,3,4,3,5,5,5,4,3,5,2,5,Masculino,22,Branco,Sem companheiro(a),19960,4,"Ciências Sociais, artes e educação"
289,5,5,5,3,4,4,4,4,5,4,4,4,4,4,4,4,4,3,4,3,4,3,4,3,3,4,1,1,1,1,1,1,1,1,4,4,1,1,2,1,4,5,5,4,4,1,4,3,4,4,2,4,3,5,4,4,4,2,4,3,Feminino,20,Branco,Sem companheiro(a),2000,4,"Ciências Sociais, artes e educação"
291,3,4,5,4,5,5,4,4,4,4,4,3,4,3,3,5,4,3,3,4,3,3,4,3,2,3,1,1,3,1,1,1,1,1,1,1,4,3,1,1,3,4,4,1,5,5,4,4,3,2,3,2,3,4,4,4,3,3,4,4,Masculino,19,Pardo,Sem companheiro(a),7000,4,"Ciências Sociais, artes e educação"
292,2,3,1,1,4,4,4,4,5,5,5,4,3,5,5,5,5,3,5,2,5,5,3,5,2,4,1,1,1,1,1,1,1,1,1,1,1,1,1,1,5,5,5,5,2,1,1,2,2,3,2,2,4,3,3,3,4,4,5,3,Feminino,19,Pardo,Sem companheiro(a),600,2,"Ciências Sociais, artes e educação"
293,1,1,2,1,3,4,4,3,3,3,3,2,3,2,3,5,5,3,3,1,3,4,4,4,3,3,1,1,3,1,1,1,1,1,1,1,1,1,1,1,3,5,5,5,4,4,4,4,4,3,4,3,3,3,3,2,3,3,2,3,Feminino,19,Branco,Sem companheiro(a),12000,4,"Ciências Sociais, artes e educação"
294,4,3,4,4,5,5,4,4,4,5,4,3,3,5,5,5,5,3,3,2,3,2,5,4,3,4,1,1,1,1,1,1,3,1,2,1,1,1,2,1,3,3,2,2,4,1,1,2,1,2,3,2,4,3,4,3,2,5,3,4,Feminino,23,Branco,Sem companheiro(a),2994,3,"Ciências Sociais, artes e educação"
295,4,5,4,3,4,4,4,5,5,4,4,3,3,3,4,4,3,2,2,2,4,4,3,4,4,4,1,1,2,3,1,1,2,1,2,4,4,1,4,4,4,5,4,3,3,2,2,4,2,4,3,3,4,3,4,5,5,3,4,3,Feminino,24,Pardo,Sem companheiro(a),2994,6,"Ciências Sociais, artes e educação"
296,5,5,5,4,5,3,5,4,5,5,5,5,5,4,5,5,5,4,5,3,4,5,5,4,4,5,1,1,1,1,1,1,1,1,1,1,1,1,3,1,3,5,5,2,3,3,2,2,3,2,4,2,3,4,4,3,4,2,3,4,Feminino,22,Branco,Sem companheiro(a),1800,2,"Ciências Sociais, artes e educação"
297,5,5,5,5,5,5,5,5,5,5,5,5,5,5,5,5,4,2,3,2,5,5,5,5,5,5,1,1,1,1,1,1,1,1,1,1,1,1,1,1,4,5,5,3,2,5,4,2,3,5,3,3,5,5,2,3,4,2,3,2,Feminino,18,Pardo,Sem companheiro(a),998,3,"Ciências Sociais, artes e educação"
298,3,4,5,5,5,3,4,5,4,4,5,4,4,5,1,4,5,4,3,4,4,2,2,3,5,5,1,1,1,1,1,1,1,1,1,1,1,1,1,1,4,5,4,5,3,3,5,5,5,4,3,3,5,4,3,3,4,3,3,3,Feminino,18,Pardo,Sem companheiro(a),998,4,"Ciências Sociais, artes e educação"
299,4,4,4,3,5,5,5,5,5,5,4,4,4,5,4,5,5,2,4,2,5,5,5,4,5,5,2,1,2,3,1,2,1,1,3,1,4,2,2,1,2,4,4,5,2,2,3,2,1,3,3,3,3,3,4,3,4,5,3,4,Feminino,18,Pardo,Sem companheiro(a),8000,3,"Ciências Sociais, artes e educação"
300,5,5,5,5,5,5,5,5,5,5,5,5,5,5,5,5,5,1,4,1,5,5,5,5,5,5,1,1,1,1,1,1,1,1,1,1,1,1,1,1,3,5,4,3,2,3,1,5,1,3,2,4,5,5,4,5,5,5,5,5,Feminino,20,Branco,Sem companheiro(a),15000,4,"Ciências Sociais, artes e educação"
301,4,3,3,2,3,4,3,4,5,5,4,3,4,4,5,2,3,2,3,3,5,5,4,4,3,5,1,1,1,1,1,1,7,1,1,1,2,4,3,1,2,3,3,4,2,1,1,2,2,3,3,4,4,4,4,3,2,3,3,3,Masculino,19,Branco,Sem companheiro(a),8000,4,"Ciências Sociais, artes e educação"
302,2,3,3,3,4,4,3,4,4,4,3,3,3,3,3,4,4,2,3,2,4,3,4,3,4,3,1,1,2,1,1,1,2,1,1,1,2,2,2,1,4,4,5,4,3,3,3,3,2,4,2,3,3,3,3,3,3,3,2,3,Feminino,22,Pardo,Sem companheiro(a),3500,4,"Ciências Sociais, artes e educação"
303,1,3,5,5,3,5,4,4,5,5,4,4,4,5,4,5,4,4,2,3,5,4,3,4,4,4,1,1,4,2,3,1,2,1,3,1,1,4,1,1,4,4,3,5,2,1,3,1,4,4,3,5,4,5,5,2,5,3,1,5,Masculino,19,Amarelo,Sem companheiro(a),5000,4,Ciências exatas e biológicas
304,4,4,3,2,5,3,4,4,4,4,3,3,3,4,3,4,3,2,3,2,5,5,5,5,5,5,3,1,3,3,1,1,4,1,2,4,4,4,4,2,4,4,5,5,2,2,2,2,2,4,2,3,4,4,3,3,4,3,4,3,Masculino,21,Branco,Sem companheiro(a),6000,4,Ciências exatas e biológicas
305,5,5,5,4,5,5,5,4,5,5,5,4,5,5,4,5,5,3,5,3,4,3,3,5,5,5,1,2,2,1,1,1,3,1,1,1,2,3,2,1,4,4,5,3,3,3,4,5,2,4,2,3,3,3,2,2,4,3,3,2,Masculino,21,Branco,Sem companheiro(a),980,4,Ciências exatas e biológicas
306,3,4,5,4,5,5,5,5,5,4,5,3,5,3,3,5,5,3,3,4,4,5,4,5,4,5,1,1,3,1,1,1,4,1,3,3,2,3,2,2,4,5,5,4,2,2,2,3,2,2,2,2,3,3,3,2,4,3,2,4,Feminino,20,Pardo,Sem companheiro(a),1000,5,Saúde
307,4,4,5,4,4,5,5,5,5,5,4,5,5,3,5,5,4,5,5,5,5,4,5,4,5,5,1,1,1,1,1,1,2,1,1,4,1,1,4,4,4,5,5,4,5,3,5,5,4,5,2,2,3,5,2,5,5,3,4,3,Masculino,21,Pardo,Sem companheiro(a),1000,3,"Ciências Sociais, artes e educação"
308,1,2,1,2,1,5,5,5,4,5,5,3,3,4,2,5,5,5,5,4,3,3,5,3,4,4,1,1,1,1,1,1,1,1,1,1,1,1,1,1,5,3,4,5,3,2,1,2,2,3,1,2,2,2,2,1,2,1,3,1,Masculino,21,Pardo,Sem companheiro(a),8000,4,Saúde
309,5,5,5,4,5,5,5,5,5,5,5,5,5,5,5,3,4,3,4,3,5,4,3,4,5,5,1,1,1,1,1,1,1,1,2,1,1,1,1,1,2,3,3,3,3,2,3,3,2,2,4,4,4,5,5,4,5,4,4,4,Masculino,18,Branco,Sem companheiro(a),4000,5,"Ciências Sociais, artes e educação"
310,5,4,4,4,5,5,5,5,5,5,5,5,3,3,4,5,5,1,4,3,5,5,5,5,5,5,1,1,1,1,1,1,2,1,1,1,1,1,1,1,5,5,5,5,2,1,3,2,2,3,5,5,5,5,5,4,5,5,3,4,Masculino,18,Pardo,Sem companheiro(a),3500,5,"Ciências Sociais, artes e educação"
311,2,4,4,4,4,5,4,3,4,3,4,4,4,4,4,4,4,3,4,3,2,3,4,3,4,4,1,1,1,1,1,1,1,1,1,1,1,1,1,1,5,5,5,5,5,4,4,3,2,5,2,2,2,3,2,2,4,3,3,3,Feminino,20,Pardo,Sem companheiro(a),4600,3,"Ciências Sociais, artes e educação"
312,3,4,4,2,3,4,3,3,4,3,4,3,4,3,5,4,5,2,4,3,5,5,5,5,2,3,1,1,1,1,1,1,3,1,2,1,3,5,3,1,3,3,5,3,2,1,1,1,1,3,4,2,3,5,5,2,5,5,3,5,Feminino,25,Pardo,Sem companheiro(a),3000,4,Ciências exatas e biológicas
314,3,3,2,1,1,5,5,5,5,5,5,5,5,5,3,5,5,2,5,3,5,5,5,5,4,5,1,1,1,1,1,1,2,1,1,1,1,1,1,1,4,5,5,4,3,2,4,3,4,5,2,3,3,4,2,2,5,2,3,2,Feminino,22,Branco,Sem companheiro(a),8000,5,Saúde
315,3,4,4,3,3,5,3,4,4,4,3,4,2,1,4,4,4,2,2,1,5,4,5,5,4,4,1,1,1,1,1,1,1,1,1,1,1,5,1,1,4,3,3,2,3,2,4,2,3,3,4,4,3,3,5,4,4,4,3,4,Masculino,21,Pardo,Sem companheiro(a),7000,4,"Ciências Sociais, artes e educação"
317,5,5,5,4,5,5,3,5,5,5,4,4,5,5,4,4,4,2,5,1,4,4,3,4,3,5,1,1,1,1,1,1,1,1,1,2,2,7,2,2,4,5,5,1,3,1,1,2,1,5,2,2,3,4,3,2,2,2,2,3,Feminino,19,Branco,Sem companheiro(a),10000,6,Ciências exatas e biológicas
318,4,5,5,3,5,5,5,5,5,5,5,5,5,4,4,4,4,3,5,4,5,4,4,5,5,5,1,1,2,1,1,1,2,1,1,1,1,1,1,1,4,4,5,4,2,2,3,2,1,5,1,2,3,5,2,2,4,2,2,2,Feminino,20,Pardo,Sem companheiro(a),1000,3,Ciências exatas e biológicas
319,5,5,5,4,5,5,5,5,5,5,4,4,4,2,3,3,5,1,2,3,5,4,4,5,4,5,1,1,2,2,1,1,2,1,1,1,2,2,2,2,4,5,4,3,3,2,4,3,1,3,3,5,3,3,3,2,5,3,4,3,Feminino,19,Pardo,Sem companheiro(a),2800,3,Ciências exatas e biológicas
320,2,3,3,3,2,5,4,5,4,5,4,5,3,4,3,3,5,2,4,3,4,4,4,4,2,5,1,1,4,4,1,1,3,1,3,1,1,5,3,1,4,5,4,5,4,2,5,4,4,3,3,4,4,4,3,4,5,4,3,3,Masculino,19,Branco,Sem companheiro(a),10000,4,"Ciências Sociais, artes e educação"
321,1,1,1,1,3,2,1,2,5,5,3,5,2,4,3,3,1,1,1,3,4,5,4,4,5,5,1,4,1,4,1,1,4,1,4,4,4,7,5,4,4,4,5,3,2,2,4,4,4,5,3,5,5,5,3,4,5,4,4,4,Masculino,36,Pardo,Com companheiro(a),2700,5,Saúde
322,4,4,4,4,2,5,5,5,5,4,5,5,4,4,5,4,5,4,4,4,5,4,5,4,5,5,1,1,4,2,1,1,4,7,1,4,1,2,5,1,4,5,4,4,4,3,4,4,3,5,4,4,4,5,3,5,5,5,5,3,Masculino,27,Pardo,Sem companheiro(a),3000,4,"Ciências Sociais, artes e educação"
